shop,categorie,produit,prix,stock,rating
Kiabi,Femme,Pull D'Allaitement En Maille Douce,275,En stock,4.2
Kiabi,Femme,Sac Forme Seau En Tissu,220,En stock,4.2
Kiabi,Femme,Sac Cabas En Toile,295,En stock,4.2
Kiabi,Femme,Pull Effet 2-En-1 Pull + Chemise,275,En stock,4.2
Kiabi,Femme,Pantalon En Lin Avec 2 Poches,275,En stock,4.2
Kiabi,Femme,Trench Court En Coton,415,En stock,4.2
Kiabi,Femme,Pyjama Long En Maille Douce Stretch - 2 Pièces,275,En stock,4.2
Kiabi,Femme,Pantalon Flare Maille Ultra-Stretch,165,En stock,4.2
Kiabi,Femme,Produit REF FRV99,220,En stock,4.2
Kiabi,Femme,Ceinture Tressée Avec Boucle En Bois,145,En stock,4.2
Kiabi,Femme,Pull Rayé Col Rond En Matière Douce,235,En stock,4.2
Kiabi,Femme,Robe Milano À La Coupe Évasée À Manches Courtes,135,En stock,4.2
Kiabi,Femme,Pantalon Confort En Maille Côtelée,275,En stock,4.2
Kiabi,Femme,Fermeture Par Bijou Doré Au Col,205,En stock,4.2
Kiabi,Femme,Sweat Crop Top Effet Boule,205,En stock,4.2
Kiabi,Femme,Pantalon Denim Wide Leg En Coton,305,En stock,4.2
Kiabi,Femme,Pyjama Long En Popeline - 2 Pièces,345,En stock,4.2
Kiabi,Femme,Sweat À Capuche Crop Top,165,En stock,4.2
Kiabi,Femme,Jean Wide Leg Avec Bords À Cru,345,En stock,4.2
Kiabi,Femme,Pantalon Denim Barrel Fit Uni Avec Nœud,305,En stock,4.2
Kiabi,Femme,Pantalon Jogging Large Maille Douce,205,En stock,4.2
Kiabi,Femme,T-Shirt En Maille Pointelle,120,En stock,4.2
Kiabi,Femme,Ensemble Pyjama Long En Coton - 2 Pièces,195,En stock,4.2
Kiabi,Femme,Jean Regular Brodé,205,En stock,4.2
Kiabi,Femme,Débardeur D'Allaitement,140,En stock,4.2
Kiabi,Femme,Pull Col Rond En Rib Uni,180,En stock,4.2
Kiabi,Femme,Produit REF FRV94,145,En stock,4.2
Kiabi,Femme,Pantalon Large En Maille Ottoman Uni,275,En stock,4.2
Kiabi,Femme,Robe Midi Côtelée + Pull Cropped De Maternité,385,En stock,4.2
Kiabi,Femme,T-Shirt Imprimé 'Disney' 'Stitch' En Coton,140,En stock,4.2
Kiabi,Femme,T-Shirt À Manches Longues Sous-Vêtement,165,En stock,4.2
Kiabi,Femme,Pull En Maille Fine Avec Col V,250,En stock,4.2
Kiabi,Femme,Tee-Shirt D'Allaitement Côtelé,205,En stock,4.2
Kiabi,Femme,Legging De Maternité Imprimé,180,En stock,4.2
Kiabi,Femme,Sandales En Bride Croisée,240,En stock,4.2
Kiabi,Femme,Pantalon Carotte Fluide Avec Ceinture À Boucle,275,En stock,4.2
Kiabi,Femme,Pantalon Large Imprimé Vache,275,En stock,4.2
Kiabi,Femme,Produit REF FRV03,220,En stock,4.2
Kiabi,Femme,Jean Wide Leg Taille Haute,345,En stock,4.2
Kiabi,Femme,Lot De 2 Élastiques Avec Bijoux,75,En stock,4.2
Kiabi,Femme,Mules En Suédine Avec Brides Ajustables À L'Arrière,315,En stock,4.2
Kiabi,Femme,Pantalon Flare En Maille Doudou,250,En stock,4.2
Kiabi,Femme,Mocassins Type Suédine Avec Bijou Décoratif Sur Le Dessus,240,En stock,4.2
Kiabi,Femme,Pyjama Long Maille Pointelle - 2 Pièces,305,En stock,4.2
Kiabi,Femme,Jean Coupe Flare/Bootcut À Taille Haute,275,En stock,4.2
Kiabi,Femme,Blouse À Col V Avec Motif Allover,250,En stock,4.2
Kiabi,Femme,Veste De Costume En Denim,250,En stock,4.2
Kiabi,Femme,Gilet Col Rond Motif Léopard,165,En stock,4.2
Kiabi,Femme,T-Shirt À Rayure Tricolore En Coton,110,En stock,4.2
Kiabi,Femme,Pull En Maille Grosse Jauge À Manches Courtes,250,En stock,4.2
Kiabi,Femme,Triangle De Bain En Néoprène,195,En stock,4.2
Kiabi,Femme,Ballerines Unies En Suédine,190,En stock,4.2
Kiabi,Femme,T-Shirt À Manches Longue Et Col Rond,95,En stock,4.2
Kiabi,Femme,Sweat Basique En Molleton,205,En stock,4.2
Kiabi,Femme,Pantalon Denim Stretch Super Skinny En Coton,275,En stock,4.2
Kiabi,Femme,Maillot De Bain 1 Pièce En Néoprène,275,En stock,4.2
Kiabi,Femme,Culotte De Bain Taille Haute Néoprène,140,En stock,4.2
Kiabi,Femme,Pantalon Évasé Uni,275,En stock,4.2
Kiabi,Femme,Maillot De Bain 1 Pièce Côtelé,250,En stock,4.2
Kiabi,Femme,Gilet Col Rond Uni,140,En stock,4.2
Kiabi,Femme,Blouse Manches Longues À Carreaux,205,En stock,4.2
Kiabi,Femme,Lot De 3 Chaussettes Protège Pied Unis,85,En stock,4.2
Kiabi,Femme,Jean Straight Denim En Coton,250,En stock,4.2
Kiabi,Femme,Jean Mom Taille Haute - L30,305,En stock,4.2
Kiabi,Femme,Legging Flare En Rib,145,En stock,4.2
Kiabi,Femme,T-Shirt Côtelé À Manches Longues,110,En stock,4.2
Kiabi,Femme,Pantalon De Maternité Coupe Droite,305,En stock,4.2
Kiabi,Femme,Parapluie Transparent 'Stitch',130,En stock,4.2
Kiabi,Femme,Blouse Avec Volants Au Col Et À L'Ouverture,205,En stock,4.2
Kiabi,Femme,Pantalon Denim Barrel En Coton,275,En stock,4.2
Kiabi,Femme,Jean Coupe Mom - L30,275,En stock,4.2
Kiabi,Femme,Chemise En Popeline À Manches Longues,205,En stock,4.2
Kiabi,Femme,Legging Côtelé De Maternité,205,En stock,4.2
Kiabi,Femme,Tee-Shirt Crop Top Basique,70,En stock,4.2
Kiabi,Femme,Veste En Suédine Unie,485,En stock,4.2
Kiabi,Femme,T-Shirt - Débardeur Effet 2 En 1,175,En stock,4.2
Kiabi,Femme,Tee-Shirt Cropped À Manches Longues Et Matière Crêpée,120,En stock,4.2
Kiabi,Femme,Pull Esprit Polo Avec Encolure V,205,En stock,4.2
Kiabi,Femme,Lot De 3 Tangas Maille Côtelée,110,En stock,4.2
Kiabi,Femme,Lot De 3 Shorties Fines Côtes,110,En stock,4.2
Kiabi,Femme,Blouson En Simili Avec Col Cranté,550,En stock,4.2
Kiabi,Femme,Pantalon À Pinces Avec Ceinture Intégrée,345,En stock,4.2
Kiabi,Femme,Pull 2-En-1 Avec Chemise,305,En stock,4.2
Kiabi,Femme,Gilet Maille Moulinée À Boutons Rétro,345,En stock,4.2
Kiabi,Femme,Top Sans Manches Boutonné En Maille Doudou,180,En stock,4.2
Kiabi,Femme,Chemise En Popeline Manches Larges,275,En stock,4.2
Kiabi,Femme,Gilet Sans Manches Uni,205,En stock,4.2
Kiabi,Femme,Gilet En Maille Avec Boutons Dorés,275,En stock,4.2
Kiabi,Femme,Robe Longue Crêpée Avec Bijou,345,En stock,4.2
Kiabi,Femme,Jean Large Avec Double Ouverture Boutonnée,345,En stock,4.2
Kiabi,Femme,Pull Col V Uni,205,En stock,4.2
Kiabi,Femme,Gilet Maille Grosse Jauge,205,En stock,4.2
Kiabi,Femme,Jean Wide Leg - L30,305,En stock,4.2
Kiabi,Femme,T-Shirt Basique À Manches Courtes Et Col V,85,En stock,4.2
Kiabi,Femme,Gilet Manches Courtes À Boutons Fantaisies,250,En stock,4.2
Kiabi,Femme,Casquette Léopard En Tissu,90,En stock,4.2
Kiabi,Femme,Pantalon Large À Pois,345,En stock,4.2
Kiabi,Femme,Jupe Longue En Jean,275,En stock,4.2
Kiabi,Femme,Produit REF FKW03,110,En stock,4.2
Kiabi,Femme,Produit REF EZA96,305,En stock,4.2
Kiabi,Femme,Casquette Baseball En Coton,90,En stock,4.2
Kiabi,Femme,Robe Longue Coupe Portefeuille,275,En stock,4.2
Kiabi,Femme,Pantalon Large À Rayures,305,En stock,4.2
Kiabi,Femme,Pantalon Denim Cropped Avec Boutons,275,En stock,4.2
Kiabi,Femme,Pantalon Large À Pinces,345,En stock,4.2
Kiabi,Femme,Legging De Sport Taille Twistée,165,En stock,4.2
Kiabi,Femme,Robe Longue Effet Peau De Pêche,220,En stock,4.2
Kiabi,Femme,Salopette En Denim Avec Poche Devant,410,En stock,4.2
Kiabi,Femme,Pantalon Ballon Fit,295,En stock,4.2
Kiabi,Femme,Veste De Tailleur Sans Manches Avec Ceinture,345,En stock,4.2
Kiabi,Femme,Jean Taille Basse,270,En stock,4.2
Kiabi,Femme,Sandales De Cérémonie Dorées À Talon,315,En stock,4.2
Kiabi,Femme,T-Shirt Stretch Avec Bijou Doré,165,En stock,4.2
Kiabi,Femme,Sandales À Brides Dorées,190,En stock,4.2
Kiabi,Femme,Banane De Sport Avec Poches Extérieures Et Intérieures 15x40 Cm,275,En stock,4.2
Kiabi,Femme,Short Cycliste De Sport,150,En stock,4.2
Kiabi,Femme,Produit REF EZA85,125,En stock,4.2
Kiabi,Femme,T-Shirt Stretch Uni Asymétrique,140,En stock,4.2
Kiabi,Femme,Veste De Sport Sans Manches,345,En stock,4.2
Kiabi,Femme,T-Shirt En Maille À Base Asymétrique,205,En stock,4.2
Kiabi,Femme,Sweat De Sport,220,En stock,4.2
Kiabi,Femme,Robe Fluide Imprimée Fantaisie,400,En stock,4.2
Kiabi,Femme,Tee-Shirt Cropped Décolleté Carré Au Dos,120,En stock,4.2
Kiabi,Femme,Legging De Sport 7/8,180,En stock,4.2
Kiabi,Femme,Pantalon En Maille Crinkle,250,En stock,4.2
Kiabi,Femme,Pantalon Wide Leg À Rayures,305,En stock,4.2
Kiabi,Femme,Chemise Large À Boutons Coquillages,250,En stock,4.2
Kiabi,Femme,Jupe Courte Plissée,220,En stock,4.2
Kiabi,Femme,Haut Col V En Maille Gaufrée Avec Boutons Dorés,175,En stock,4.2
Kiabi,Femme,Banane Imprimé Fantaisie,175,En stock,4.2
Kiabi,Femme,T-Shirt Manches Longues En Maille Gaufrée,145,En stock,4.2
Kiabi,Femme,Chemisier Vichy Et Motif Cœurs,275,En stock,4.2
Kiabi,Femme,Chemise Large À Boutons Étoiles,205,En stock,4.2
Kiabi,Femme,Pantalon Wide Leg Coloré,250,En stock,4.2
Kiabi,Femme,Sac Cabas Matelassé Motif Indienne,220,En stock,4.2
Kiabi,Femme,Débardeur Uni En Matière Côtelée,165,En stock,4.2
Kiabi,Femme,Pantalon À Carreaux Large Fit,345,En stock,4.2
Kiabi,Femme,Blouson Matelassé Avec Plastron Amovible,485,En stock,4.2
Kiabi,Femme,Blazer Manches Longues À Carreaux,415,En stock,4.2
Kiabi,Femme,T-Shirt À Manches Longues,95,En stock,4.2
Kiabi,Femme,Blouse En Denim Avec Col Volanté,205,En stock,4.2
Kiabi,Femme,Lot De 2 Paires De Socquettes Yoga En Coton,85,En stock,4.2
Kiabi,Femme,Sweat Zippé À Capuche Basique,180,En stock,4.2
Kiabi,Femme,Salopette En Jean Droite,395,En stock,4.2
Kiabi,Femme,T-Shirt À Rayures Large,175,En stock,4.2
Kiabi,Femme,Gilet Sans Manches En Tricot Ottoman,250,En stock,4.2
Kiabi,Femme,Jean Taille Haute Avec Revers En Bas,275,En stock,4.2
Kiabi,Femme,Sandales À Semelle Plateforme,315,En stock,4.2
Kiabi,Femme,Jupe Short À Taille Haute,205,En stock,4.2
Kiabi,Femme,Ensemble Pyjama Long - 2 Pièces,165,En stock,4.2
Kiabi,Femme,Doudoune Sans Manches Matelassée Déperlante,250,En stock,4.2
Kiabi,Femme,Soutien-Gorge En Dentelle Transparente,140,En stock,4.2
Kiabi,Femme,Soutien-Gorge Balconnet En Dentelle,140,En stock,4.2
Kiabi,Femme,Soutien-Gorge Push-Up En Dentelle,140,En stock,4.2
Kiabi,Femme,Soutien-Gorge Corbeille Emboîtant En Dentelle,165,En stock,4.2
Kiabi,Femme,Soutien-Gorge Triangle En Dentelle,140,En stock,4.2
Kiabi,Femme,Tee-Shirt De Pyjama Côtelé,110,En stock,4.2
Kiabi,Femme,T-Shirt D'Allaitement,140,En stock,4.2
Kiabi,Femme,Culotte En Dentelle,70,En stock,4.2
Kiabi,Femme,Soutien-Gorge Push-Up Invisible En Microfibre,140,En stock,4.2
Kiabi,Femme,Lot De 2 Brassières Côtelées Sans Coutures,165,En stock,4.2
Kiabi,Femme,Tee-Shirt Uni,45,En stock,4.2
Kiabi,Femme,T-Shirt Oversize À Col Rond,110,En stock,4.2
Kiabi,Femme,Legging Bootcut De Maternité,205,En stock,4.2
Kiabi,Femme,Chemise De Nuit D'Allaitement À Message,165,En stock,4.2
Kiabi,Femme,Débardeur À Fines Bretelles,70,En stock,4.2
Kiabi,Femme,Pantalon Slim En Denim - L30,250,En stock,4.2
Kiabi,Femme,Lot De 5 Culottes Coton Uni,70,En stock,4.2
Kiabi,Femme,Tee-Shirt À Manches Longues Avec Bijou Doré Devant Effet Twisté,205,En stock,4.2
Kiabi,Femme,Pull Polo En Laine Mélangé,275,En stock,4.2
Kiabi,Femme,Pull En Maille Avec Écharpe Grosse Jauge,305,En stock,4.2
Kiabi,Femme,Chemise Col Claudine,275,En stock,4.2
Kiabi,Femme,Pull Chaud À Col Montant,275,En stock,4.2
Kiabi,Femme,Pantalon Large À Boutons Marinière,345,En stock,4.2
Kiabi,Femme,Trousse De Rangement Matelassée,105,En stock,4.2
Kiabi,Femme,Blouse Avec Broderies,345,En stock,4.2
Kiabi,Femme,Blouse À Manches Longues Avec Broderies,305,En stock,4.2
Kiabi,Femme,Gilet En Maille Doudou,250,En stock,4.2
Kiabi,Femme,Pantalon Large En Molleton Léger,205,En stock,4.2
Kiabi,Femme,Gilet Avec Ouverture Boutonnée Dorée,205,En stock,4.2
Kiabi,Femme,Sweat Peplum À Col Rond,205,En stock,4.2
Kiabi,Femme,Jean Palazzo En Twill Taille Haute,375,En stock,4.2
Kiabi,Femme,Pull En Maille Grosse Jauge À Manches Longues Avec Broderies Fleurs,305,En stock,4.2
Kiabi,Femme,Pull Sans Manches À Nouer Sur Les Côtés,275,En stock,4.2
Kiabi,Femme,Pantalon À Pinces Asymétrique,305,En stock,4.2
Kiabi,Femme,T-Shirt En Maille Ajourée À Manches Courtes,205,En stock,4.2
Kiabi,Femme,Blouse Avec Broderies Fleurs,305,En stock,4.2
Kiabi,Femme,Polo Style Rugby À Manches Longues,205,En stock,4.2
Kiabi,Femme,Large Foulard Carré À Motif,145,En stock,4.2
Kiabi,Femme,Foulard À Motifs India,145,En stock,4.2
Kiabi,Femme,Jean Taille Haute Coupe Large / Wide Leg,305,En stock,4.2
Kiabi,Femme,Jean Taille Haute Coupe Large / Wide Leg + 2 Teintes De Jeans,305,En stock,4.2
Kiabi,Femme,Lot De 2 Pinces Crabe,75,En stock,4.2
Kiabi,Femme,Lot De 2 Petites Pinces Crabe,60,En stock,4.2
Kiabi,Femme,Jean Taille Haute Coupe Flare/Bootcut,305,En stock,4.2
Kiabi,Femme,Grande Pince Forme Coquillage,80,En stock,4.2
Kiabi,Femme,Pinces Croco En Forme Fleur Dorées,75,En stock,4.2
Kiabi,Femme,T-Shirt 'Fête Des Mères' Manches Courtes,70,En stock,4.2
Kiabi,Femme,Lot De 4 Chouchous,60,En stock,4.2
Kiabi,Femme,Lot De 2 Chouchous Satinés,60,En stock,4.2
Kiabi,Femme,Lot De 7 Élastiques,55,En stock,4.2
Kiabi,Femme,Legging De Sport Flare,235,En stock,4.2
Kiabi,Femme,Gilet En Maille Uni,180,En stock,4.2
Kiabi,Femme,Large Foulard Carré - 100 X 100 Cm,145,En stock,4.2
Kiabi,Femme,Brosse À Cheveux Carrée Avec Manche Irisé,75,En stock,4.2
Kiabi,Femme,Trousse De Rangement,105,En stock,4.2
Kiabi,Femme,Grand Sac En Simili,265,En stock,4.2
Kiabi,Femme,Chemise Grossesse En Coton Rayée,250,En stock,4.2
Kiabi,Femme,Tee-Shirt Droite Imprimé 'Stitch',125,En stock,4.2
Kiabi,Femme,Chaussons Sabot,285,En stock,4.2
Kiabi,Femme,Pyjama 2 Pièces En Maille Crêpe,275,En stock,4.2
Kiabi,Femme,Tee-Shirt En Jersey Manches Courtes,55,En stock,4.2
Kiabi,Femme,Pantalon De Pyjama En Popeline Rayé,165,En stock,4.2
Kiabi,Femme,Legging Court Uni,85,En stock,4.2
Kiabi,Femme,Veste De Tailleur Avec Ouverture Double Boutonnage,400,En stock,4.2
Kiabi,Femme,Pantalon Skinny Taille Très Haute - L30,345,En stock,4.2
Kiabi,Femme,Sweat À Capuche Uni En Coton,165,En stock,4.2
Kiabi,Femme,Jean Coupe Wide Leg À 5 Poches,345,En stock,4.2
Kiabi,Femme,Pantalon Large Fluide Uni,250,En stock,4.2
Kiabi,Femme,Chemisier En Gaze De Coton Avec Bords Ondulés,275,En stock,4.2
Kiabi,Femme,Chaussettes Côtelées Fantaisies,85,En stock,4.2
Kiabi,Femme,Pantalon Skinny Taille Haute,345,En stock,4.2
Kiabi,Femme,Veste De Tailleur,415,En stock,4.2
Kiabi,Femme,Tee-Shirt En Jersey Avec Col V Et Manches Longues,110,En stock,4.2
Kiabi,Femme,T-Shirt Uni En Maille Côtelé Manches Courtes,85,En stock,4.2
Kiabi,Femme,Tee-Shirt Marinière Oversize,165,En stock,4.2
Kiabi,Femme,Pantalon Côtelé De Nuit All-Over 'Fleur',165,En stock,4.2
Kiabi,Femme,Ensemble De Pyjama Long Imprimé - 2 Pièces,250,En stock,4.2
Kiabi,Femme,Shorty En Dentelle,70,En stock,4.2
Kiabi,Femme,Jogging De Sport En French Terry,165,En stock,4.2
Kiabi,Femme,Tanga En Dentelle,70,En stock,4.2
Kiabi,Femme,Culotte En Microfibre Et En Dentelle,70,En stock,4.2
Kiabi,Femme,Soutien-Gorge Corbeille En Dentelle,140,En stock,4.2
Kiabi,Femme,Jogging Basique,110,En stock,4.2
Kiabi,Femme,Jegging Grossesse Avec Bandeau,260,En stock,4.2
Kiabi,Femme,Chaussons Bottillons,95,En stock,4.2
Kiabi,Femme,Tee-Shirt De Maternité Côtelé,140,En stock,4.2
Kiabi,Femme,Pantalon Large Taille Haute À 5 Poches,305,En stock,4.2
Kiabi,Femme,Gilet De Maternité Long Et Ceinturé,305,En stock,4.2
Kiabi,Femme,Doudoune Matelassée Déperlante,375,En stock,4.2
Kiabi,Femme,Collants 40D,85,En stock,4.2
Kiabi,Femme,Collants Maternité 80D,95,En stock,4.2
Kiabi,Femme,Ceinture Imprimé Léopard,120,En stock,4.2
Kiabi,Femme,Sac Cabas Imprimé 'Léopard',265,En stock,4.2
Kiabi,Femme,Collants Plumetis,125,En stock,4.2
Kiabi,Femme,Jean Regular 5 Poches L30,305,En stock,4.2
Kiabi,Femme,Lot De 4 Pinces Crocodiles,50,En stock,4.2
Kiabi,Femme,Sac Besace Bandoulière,265,En stock,4.2
Kiabi,Femme,Collants Plumetis À Pois - 30D,95,En stock,4.2
Kiabi,Femme,Blouson En Simili Uni,400,En stock,4.2
Kiabi,Femme,Collants Plumetis À Cœur,95,En stock,4.2
Kiabi,Femme,Sac Bandoulière,220,En stock,4.2
Kiabi,Femme,T-Shirt En Maille Jersey Manches Courtes,85,En stock,4.2
Kiabi,Femme,Jogging De Sport Taille Standard,180,En stock,4.2
Kiabi,Femme,Lot De 6 Élastiques Tortis,35,En stock,4.2
Kiabi,Femme,Sac Cadeau 'Marie' De 'Aristochat',45,En stock,4.2
Kiabi,Femme,Collants Grossesse 40D,85,En stock,4.2
Kiabi,Femme,Lot De 2 Paires De Collants 40D,85,En stock,4.2
Kiabi,Femme,Brosse À Cheveux En Bois,75,En stock,4.2
Kiabi,Femme,Lot De 3 Shortys En Microfibre Imprimé,110,En stock,4.2
Kiabi,Femme,Brosse À Cheveux,75,En stock,4.2
Kiabi,Femme,Lot De 5 Paires De Chaussettes,85,En stock,4.2
Kiabi,Femme,Culotte Taille Haute Gainant,110,En stock,4.2
Kiabi,Femme,Pantalon Confort Fin,165,En stock,4.2
Kiabi,Femme,Lot De 2 Paires De Collants Voile 8D,55,En stock,4.2
Kiabi,Femme,Lot De 2 Grandes Pinces Crabe,75,En stock,4.2
Kiabi,Femme,Lot De 5 Paires De Chaussettes,55,En stock,4.2
Kiabi,Femme,Shorty En Microfibre,110,En stock,4.2
Kiabi,Femme,String Gainant,110,En stock,4.2
Kiabi,Femme,Ceinture Fine Imprimé Léopard,120,En stock,4.2
Kiabi,Femme,Tee-Shirt Manches Courtes Avec Encolure En V,70,En stock,4.2
Kiabi,Femme,Ceinture Unie Basique,90,En stock,4.2
Kiabi,Femme,Lot De 3 Tangas En Microfibre Imprimé,110,En stock,4.2
Kiabi,Femme,Lot De 2 Shortys Invisibles En Microfibre,85,En stock,4.2
Kiabi,Femme,Lot De 3 Shorties,85,En stock,4.2
Kiabi,Femme,Lot 2 Paires De Collants 20D,55,En stock,4.2
Kiabi,Femme,Jegging Taille Haute Regular Stretch,205,En stock,4.2
Kiabi,Femme,Lot De 5 Culottes - Unies Et Imprimées,85,En stock,4.2
Kiabi,Femme,Legging Long En Coton,130,En stock,4.2
Kiabi,Femme,Lot De 2 Shorties Coton,55,En stock,4.2
Kiabi,Femme,Brosse À Cheveux Carrée,75,En stock,4.2
Kiabi,Femme,Serre-Tête Classique !,20,En stock,4.2
Kiabi,Femme,Lot De 5 Paires Invisibles,70,En stock,4.2
Kiabi,Femme,Pantalon Cigarette Avec Ouverture Par Crochet Et Zippée,275,En stock,4.2
Kiabi,Femme,Triangle Invisible En Microfibre,140,En stock,4.2
Kiabi,Femme,Lot De 3 Pinces Crabes,30,En stock,4.2
Kiabi,Femme,Lot De 3 Culottes En Coton,85,En stock,4.2
Kiabi,Femme,Soutien-Gorge D&E Invisible,165,En stock,4.2
Kiabi,Femme,Lot De 3 Shorty Avec Dentelle,110,En stock,4.2
Kiabi,Femme,Lot De 3 Culottes Coton Dentelle,110,En stock,4.2
Kiabi,Femme,Lot De 2 Culottes En Coton,55,En stock,4.2
Kiabi,Femme,Lot De 3 Tangas Coton Et Dentelle,110,En stock,4.2
Kiabi,Femme,Soutien-Gorge D&E En Coton,125,En stock,4.2
Kiabi,Femme,Lot 2 Pinces Crabe Cheveux Carrées,45,En stock,4.2
Kiabi,Femme,Soutien-Gorge Bandeau Invisible,140,En stock,4.2
Kiabi,Femme,Soutien-Gorge Triangle Non Paddé,95,En stock,4.2
Kiabi,Femme,Lot De 15 Élastiques,30,En stock,4.2
Kiabi,Femme,Soutien-Gorge Paddé Coton,95,En stock,4.2
Kiabi,Femme,Ensemble En Jersey - 2 Pièces,165,En stock,4.2
Kiabi,Femme,Jean Skinny Fit / Coupe Très Ajustée,140,En stock,4.2
Kiabi,Femme,Bandeau Pour Cheveux,45,En stock,4.2
Kiabi,Femme,Jean Regular Taille Haute - L30,250,En stock,4.2
Kiabi,Femme,Foulard Satiné Imprimé,145,En stock,4.2
Kiabi,Femme,Sac À Main Bandoulière Doré,220,En stock,4.2
Kiabi,Femme,Jupe Courte Plissée,220,En stock,4.2
Kiabi,Femme,Parapluie Transparent 'Chat Et Arc-En-Ciel',120,En stock,4.2
Kiabi,Femme,Lot De 3 Shorty Avec Dentelle,110,En stock,4.2
Kiabi,Femme,Pull D'Allaitement En Maille Douce,275,En stock,4.2
Kiabi,Femme,Sweat Zippé À Capuche Basique,180,En stock,4.2
Kiabi,Femme,Ceinture Unie Basique,90,En stock,4.2
Kiabi,Femme,Lot De 4 Pinces Crocodiles,50,En stock,4.2
Kiabi,Femme,Parapluie Transparent 'Spiderman',130,En stock,4.2
Kiabi,Femme,T-Shirt D'Allaitement,140,En stock,4.2
Kiabi,Femme,Jean Mom Taille Haute - L30,305,En stock,4.2
Kiabi,Femme,Jean Coupe Mom - L30,275,En stock,4.2
Kiabi,Femme,Veste De Tailleur Longue,440,En stock,4.2
Kiabi,Homme,Jean Regular Brut L32,145,En stock,4.2
Kiabi,Homme,Jean Droit - L32,230,En stock,4.2
Kiabi,Homme,Jean Slim Stretch - L32,375,En stock,4.2
Kiabi,Homme,Pantalon De Costume Slim,270,En stock,4.2
Kiabi,Homme,Jogging En Molleton Léger Avec Poches Zippées,165,En stock,4.2
Kiabi,Homme,Veste De Costume Slim Fit,545,En stock,4.2
Kiabi,Homme,Chaussures De Ville,395,En stock,4.2
Kiabi,Homme,Lot De 2 Pantalons De Pyjama !,220,En stock,4.2
Kiabi,Homme,Lot De 2 Débardeurs,145,En stock,4.2
Kiabi,Homme,Pull Basique En Maille Unie,165,En stock,4.2
Kiabi,Homme,Lot De 7 Boxers Stretchs,220,En stock,4.2
Kiabi,Homme,Sweat En Molleton À Capuche,220,En stock,4.2
Kiabi,Homme,Polo En Coton À Contrastes,190,En stock,4.2
Kiabi,Homme,Lot De 3 Boxers,220,En stock,4.2
Kiabi,Homme,Doudoune Légère Sans Manches À Col Montant,415,En stock,4.2
Kiabi,Homme,Sweat En Maille Piquée Avec Ouverture Zippée Et Capuche,400,En stock,4.2
Kiabi,Homme,Polo En Piqué De Coton,105,En stock,4.2
Kiabi,Homme,Chemise Oxford Regular Fit,195,En stock,4.2
Kiabi,Homme,Lot De 3 Boxers Size+,165,En stock,4.2
Kiabi,Homme,Ceinture Tressée Élastique,145,En stock,4.2
Kiabi,Homme,Pantalon Esprit 'Jogger' Multipoches,340,En stock,4.2
Kiabi,Homme,Pantalon De Jogging,70,En stock,4.2
Kiabi,Homme,Jogging Uni En French Terry,195,En stock,4.2
Kiabi,Homme,Pantalon Large Style Jogging,260,En stock,4.2
Kiabi,Homme,T-Shirt Imprimé À Manches Courtes,145,En stock,4.2
Kiabi,Homme,Jean Slim Stretch - L32,375,En stock,4.2
Kiabi,Homme,Short En Molleton,165,En stock,4.2
Kiabi,Homme,Jean Slim Stretch - L32,320,En stock,4.2
Kiabi,Homme,Jogging En Molleton Gratté Avec 2 Poches Zippées,165,En stock,4.2
Kiabi,Homme,Chemise Oxford Droite Unie,260,En stock,4.2
Kiabi,Homme,Pull En Maille Uni Col Rond,220,En stock,4.2
Kiabi,Homme,Lot De 2 Shorts De Nuit,195,En stock,4.2
Kiabi,Homme,Chaussettes Courtes De Sport,85,En stock,4.2
Kiabi,Homme,Jogpant Avec Poches À Rabat,270,En stock,4.2
Kiabi,Homme,Tee-Shirt Uni - Slim Fit,105,En stock,4.2
Kiabi,Homme,Jogging En Molleton Gratté Uni,165,En stock,4.2
Kiabi,Homme,Pantalon Multipoches Uni Avec Ceinture Élastiquée,450,En stock,4.2
Kiabi,Homme,Ensemble Pyjama Long En Jersey T-Shirt + Pantalon - 2 Pièces,250,En stock,4.2
Kiabi,Homme,Sweat Uni À Capuche En French Terry,305,En stock,4.2
Kiabi,Homme,Jogging De Sport Unisexe,275,En stock,4.2
Kiabi,Homme,Jogging Forme Barrel,265,En stock,4.2
Kiabi,Homme,Jogging De Sport,275,En stock,4.2
Kiabi,Homme,Doudoune Déperlante Sans Manches Unie,305,En stock,4.2
Kiabi,Homme,Doudoune Légère Matelassée Unie,375,En stock,4.2
Kiabi,Homme,Short En Molleton,165,En stock,4.2
Kiabi,Homme,T-Shirt À Col Tunisien Manches Longues,175,En stock,4.2
Kiabi,Homme,Jean Droit - L34,230,En stock,4.2
Kiabi,Homme,T-Shirt Uni À Manches Courtes Avec Poche Poitrine,120,En stock,4.2
Kiabi,Homme,Sweat En Maille Nid D'Abeilles,250,En stock,4.2
Kiabi,Homme,Parka Légère À Capuche Déparlent,620,En stock,4.2
Kiabi,Homme,Jogging En Maille Piquée,350,En stock,4.2
Kiabi,Homme,Pull Maille Gaufrée À Col Polo,305,En stock,4.2
Kiabi,Homme,T-Shirt Uni En Maille Jersey,90,En stock,4.2
Kiabi,Homme,Lot De 3 Boxers Size+,165,En stock,4.2
Kiabi,Homme,Pantalon Chino En Coton Stretch Regular Fit / Coupe Droite,260,En stock,4.2
Kiabi,Homme,Chemise En Lin Mélangé Unie,245,En stock,4.2
Kiabi,Homme,Casquette Basique Style Baseball,75,En stock,4.2
Kiabi,Homme,Chaussons Mules,110,En stock,4.2
Kiabi,Homme,Ceinture Tressée Élastique,145,En stock,4.2
Kiabi,Homme,Pantalon Bas Resserré En Coton Uni,320,En stock,4.2
Kiabi,Homme,Pantalon Esprit 'Jogger' À Carreaux,320,En stock,4.2
Kiabi,Homme,Sweat Zippé Col Montant Uni En Coton,375,En stock,4.2
Kiabi,Homme,Chemise À Manches Longues En Matière Gaufrée,260,En stock,4.2
Kiabi,Homme,Blouson Style Aviateur Avec Poche Zippée Sur La Manche,415,En stock,4.2
Kiabi,Homme,T-Shirt 'Deadpool' 'Marvel',130,En stock,4.2
Kiabi,Homme,Mocassins En Suédine,395,En stock,4.2
Kiabi,Homme,Chemise Unie Matière Gaufrée,230,En stock,4.2
Kiabi,Homme,Jogging En Maille Piquée,260,En stock,4.2
Kiabi,Homme,Pyjama Long En Popeline - 2 Pièces,250,En stock,4.2
Kiabi,Homme,Pull En Maille Fantaisie,275,En stock,4.2
Kiabi,Homme,Chemise À Carreaux En Flanelle De Coton,260,En stock,4.2
Kiabi,Homme,Sweat En Matière Gaufrée,305,En stock,4.2
Kiabi,Homme,Lot De Débardeur En Maille Jersey - 2 Pièces,110,En stock,4.2
Kiabi,Homme,Sweat En Molleton À Capuche Avec Ouverture Zippée Au Col,345,En stock,4.2
Kiabi,Homme,Pantalon Esprit 'Jogger' Uni,285,En stock,4.2
Kiabi,Homme,T-Shirt Imprimé En Coton Uni,75,En stock,4.2
Kiabi,Homme,T-Shirt Manches Courtes En Maille Gaufrée,145,En stock,4.2
Kiabi,Homme,Pull En Maille Grosse Jauge,275,En stock,4.2
Kiabi,Homme,Pantalon Multipoches Uni Coupe Droite / Regular Fit,385,En stock,4.2
Kiabi,Homme,Pantalon Baggy Uni En Twill,320,En stock,4.2
Kiabi,Homme,Polo En Piqué De Coton À Manches Courtes,175,En stock,4.2
Kiabi,Homme,T-Shirt À Col Rond Et Manches Courtes Imprimé,105,En stock,4.2
Kiabi,Homme,Jean Large / Relaxed Fit À 5 Poches,285,En stock,4.2
Kiabi,Homme,Lot De 3 Slips Unis,125,En stock,4.2
Kiabi,Homme,Short De Sport 2 En 1,205,En stock,4.2
Kiabi,Homme,Ensemble Pyjama Long T-Shirt + Pantalon - 2 Pièces,305,En stock,4.2
Kiabi,Homme,Ensemble De Pyjama 2 Pièces T-Shirt + Pantalon - 2 Pièces,305,En stock,4.2
Kiabi,Homme,Pantalon De Pyjama Avec 2 Poches,165,En stock,4.2
Kiabi,Homme,Ensemble Pyjama Long En Jersey T-Shirt + Pantalon - 2 Pièces,165,En stock,4.2
Kiabi,Homme,Sweat Uni En Molleton Léger,125,En stock,4.2
Kiabi,Homme,Doudoune Sans Manches Chaude,415,En stock,4.2
Kiabi,Homme,Pull En Maille Uni,305,En stock,4.2
Kiabi,Homme,Pull En Maille Fantaisie À Col Rond,250,En stock,4.2
Kiabi,Homme,Jogging En Molleton,115,En stock,4.2
Kiabi,Homme,Produit REF XD932,60,En stock,4.2
Kiabi,Homme,Polo En Nid D'Abeilles Et Col Zippé,220,En stock,4.2
Kiabi,Homme,Jogging Uni En Coton,165,En stock,4.2
Kiabi,Homme,Chemise En Lin Et Coton Rayée,285,En stock,4.2
Kiabi,Homme,Sweat Camionneur En Molleton,305,En stock,4.2
Kiabi,Homme,Jogging Slim Uni,260,En stock,4.2
Kiabi,Homme,Sweat À Capuche En Molleton Gratté Avec Poche Kangourou,250,En stock,4.2
Kiabi,Homme,Pull Col Roulé Uni,205,En stock,4.2
Kiabi,Homme,Polo Coupe Regular,235,En stock,4.2
Kiabi,Homme,Polo En Piqué De Coton À Manches Courtes,175,En stock,4.2
Kiabi,Homme,Surchemise En Coton,320,En stock,4.2
Kiabi,Homme,Casquette Baseball En Coton,120,En stock,4.2
Kiabi,Homme,Chemise En Lin Mélangé,220,En stock,4.2
Kiabi,Homme,Sabots Mules Effet Suède,315,En stock,4.2
Kiabi,Homme,Polo En Piqué De Coton Avec Col Polo Sans Boutons,235,En stock,4.2
Kiabi,Homme,Gavroche En Coton Et Lin,145,En stock,4.2
Kiabi,Homme,Blouson En Twill,415,En stock,4.2
Kiabi,Homme,Blouson Style Workwear,485,En stock,4.2
Kiabi,Homme,T-Shirt Imprimé À Manches Courtes Et Col Rond,145,En stock,4.2
Kiabi,Homme,Lot De 3 Ballerines Protège-Pieds Invisibles,70,En stock,4.2
Kiabi,Homme,Pull Col Rond Nid D'Abeille,250,En stock,4.2
Kiabi,Homme,Lot De 2 Paires De Chaussettes Compressives En Coton,110,En stock,4.2
Kiabi,Homme,T-Shirt Effet 2-En-1 À Manches Courtes,175,En stock,4.2
Kiabi,Homme,Pantalon Jogging En French Terry,55,En stock,4.2
Kiabi,Homme,Chino Uni Taille Standard,285,En stock,4.2
Kiabi,Homme,Jogging En Molleton,85,En stock,4.2
Kiabi,Homme,Jogging Multi-Poches En Molleton,245,En stock,4.2
Kiabi,Homme,Polo En Maille Piquée À Manches Longues Uni,175,En stock,4.2
Kiabi,Homme,Veste De Costume,680,En stock,4.2
Kiabi,Homme,Sweat Col V En French Terry,305,En stock,4.2
Kiabi,Homme,Jean Regular Base À Revers - L32,320,En stock,4.2
Kiabi,Homme,Pantalon Multipoches Coupe Droite / Regular Fit,385,En stock,4.2
Kiabi,Homme,Pantalon De Ville À Fines Rayures,320,En stock,4.2
Kiabi,Homme,Blouson À Capuche Avec Plastron En Molleton Amovible,485,En stock,4.2
Kiabi,Homme,Gilet De Sport À Col Zippé,205,En stock,4.2
Kiabi,Homme,Sweat Sportswear En French Terry,305,En stock,4.2
Kiabi,Homme,Polo Style Rugby Manches Longues,305,En stock,4.2
Kiabi,Homme,Sweat Regular En French Terry,250,En stock,4.2
Kiabi,Homme,Sweat À Capuche En French Terry,250,En stock,4.2
Kiabi,Homme,Sweat Zippé Col Montant,305,En stock,4.2
Kiabi,Homme,T-Shirt Tunisien Regular Fit,220,En stock,4.2
Kiabi,Homme,Mules De Piscine Compensées,190,En stock,4.2
Kiabi,Homme,Gilet Chaud Zippé À Col Montant,400,En stock,4.2
Kiabi,Homme,Ceinture Tressée,145,En stock,4.2
Kiabi,Homme,Sweat À Col Rond Uni,250,En stock,4.2
Kiabi,Homme,Pantalon Chino En Twill,320,En stock,4.2
Kiabi,Homme,Sweat Uni À Col Rond En Molleton Gratté,205,En stock,4.2
Kiabi,Homme,Chemise Droite/Regular À Pois,175,En stock,4.2
Kiabi,Homme,Sweat En Maille Piquée Avec Ouverture Zippée Et Capuche,400,En stock,4.2
Kiabi,Homme,Ceinture À Boucle Réversible,175,En stock,4.2
Kiabi,Homme,Casquette Basique Style Baseball,75,En stock,4.2
Kiabi,Homme,Ceinture En Simili,120,En stock,4.2
Kiabi,Homme,Sweat En Molleton Zippé À Capuche,180,En stock,4.2
Kiabi,Homme,Ceinture En Simili,175,En stock,4.2
Kiabi,Homme,Ceinture Basique Boucle Métallique,120,En stock,4.2
Kiabi,Homme,Jean Regular Brut L32,155,En stock,4.2
Kiabi,Homme,Lot De 5 Paires De Chaussettes Invisibles,85,En stock,4.2
Kiabi,Homme,Noeud Papillon Texturé,120,En stock,4.2
Kiabi,Homme,Veste De Costume Slim Fit,545,En stock,4.2
Kiabi,Homme,Lot De 7 Boxers Stretchs,220,En stock,4.2
Kiabi,Homme,Jean Slim À 5 Poches - L34,230,En stock,4.2
Kiabi,Homme,Pull Basique En Maille Unie,165,En stock,4.2
Kiabi,Homme,Lot De 2 Pantalons De Pyjama !,220,En stock,4.2
Kiabi,Homme,Pantalon De Costume Slim,270,En stock,4.2
Kiabi,Homme,Lot De 3 Boxers,220,En stock,4.2
Kiabi,Homme,Jean Slim - L32,230,En stock,4.2
Kiabi,Homme,Jean Droit - L32,230,En stock,4.2
Kiabi,Homme,Lot De 5 Paires De Chaussettes Fantaisies,110,En stock,4.2
Kiabi,Homme,Débardeur Nuit En Jersey Uni,55,En stock,4.2
Kiabi,Homme,Pantalon Multipoches Coupe Droite,320,En stock,4.2
Kiabi,Homme,Lot De 3 Boxers Unis,165,En stock,4.2
Kiabi,Homme,Lot De 7 Paires De Chaussettes Invisibles,70,En stock,4.2
Kiabi,Homme,Chemise Unie En Lin Mélangé Et Avec Manches Longues Retroussables,245,En stock,4.2
Kiabi,Homme,Polo En Nid D'Abeilles Et Col Zippé,220,En stock,4.2
Kiabi,Homme,Short De Sport Style Jogger,110,En stock,4.2
Kiabi,Homme,Chaussettes De Sport,95,En stock,4.2
Kiabi,Homme,Jogging Multi-Poches En Molleton,245,En stock,4.2
Kiabi,Homme,Ceinture À Boucle Réversible,175,En stock,4.2
Kiabi,Homme,Pantalon Esprit 'Jogger',245,En stock,4.2
Kiabi,Homme,Ceinture En Simili,175,En stock,4.2
Kiabi,Homme,Noeud Papillon Texturé,120,En stock,4.2
Kiabi,Homme,Lot De 5 Paires De Chaussettes Fantaisies,110,En stock,4.2
Kiabi,Fille,T-Shirt À Col Montant Côtelé,75,En stock,4.2
Kiabi,Fille,Gilet Côtelé Avec Nœuds En Velours,205,En stock,4.2
Kiabi,Fille,Pantalon Jean 5 Poches À Coupe Large,205,En stock,4.2
Kiabi,Fille,Ensemble De Pyjama En Maille Pointelle - 2 Pièces,205,En stock,4.2
Kiabi,Fille,Pull Col Rond Maillé Fantaisie Avec Motifs Ajourés En Coton,190,En stock,4.2
Kiabi,Fille,Robe Denim Avec Col Chemise,245,En stock,4.2
Kiabi,Fille,Pantalon Flare,135,En stock,4.2
Kiabi,Fille,T-Shirt Imprimé À Manches Longues,90,En stock,4.2
Kiabi,Fille,Veste Matelassée Avec Motif Brodé,295,En stock,4.2
Kiabi,Fille,Jean Mom Avec Poches En Forme De Cœur,205,En stock,4.2
Kiabi,Fille,Ensemble Pyjama Long 'Stitch' 'Disney' - 2 Pièces,165,En stock,4.2
Kiabi,Fille,Robe En Maille Ajourée Sur Les Côtés,135,En stock,4.2
Kiabi,Fille,Ensemble Sweat + Legging - 2 Pièces,205,En stock,4.2
Kiabi,Fille,Ensemble Pyjama 'Stitch' 'Disney' - 2 Pièces,180,En stock,4.2
Kiabi,Fille,Ensemble De Pyjama 2 Pièces 'Minnie' 'Disney' - 2 Pièces,205,En stock,4.2
Kiabi,Fille,Lot De 3 Shorties,110,En stock,4.2
Kiabi,Fille,Pantalon En Denim Multipoches,205,En stock,4.2
Kiabi,Fille,Ensemble Pyjama Court - 2 Pièces,70,En stock,4.2
Kiabi,Fille,Pantalon En Denim Coupe Mom À Motif,175,En stock,4.2
Kiabi,Fille,Grande Pince Crabe Forme Fleur,45,En stock,4.2
Kiabi,Fille,Legging Court Uni,40,En stock,4.2
Kiabi,Fille,Ensemble Pyjama Imprimé T-Shirt + Pantalon - 2 Pièces,140,En stock,4.2
Kiabi,Fille,Ensemble Pyjama T-Shirt + Legging Imprimé - 2 Pièces,70,En stock,4.2
Kiabi,Fille,Legging Chaud Imprimé Intérieur Velours,95,En stock,4.2
Kiabi,Fille,Legging Chaud Intérieur Velours,80,En stock,4.2
Kiabi,Fille,Robe Salopette En Jean,175,En stock,4.2
Kiabi,Fille,Pantalon Large À 5 Poches En Denim,175,En stock,4.2
Kiabi,Fille,Produit REF BVN43,85,En stock,4.2
Kiabi,Fille,Robe Salopette À Poche En Velours Côtelé,175,En stock,4.2
Kiabi,Fille,Pantalon Flare En Velours Côtelé,165,En stock,4.2
Kiabi,Fille,Ensemble De Pyjama Long T-Shirt + Pantalon À Rayures - 2 Pièces,145,En stock,4.2
Kiabi,Fille,Lot De 2 Paires De Collants Chauds Unis,110,En stock,4.2
Kiabi,Fille,T-Shirt Imprimé Message À Manches Courtes,35,En stock,4.2
Kiabi,Fille,Veste De Costume Slim Fit Uni,410,En stock,4.2
Kiabi,Fille,Baskets Basses À Scratch Suédine Bicolore,240,En stock,4.2
Kiabi,Fille,Polaire Col Camionneur Avec Liseré,175,En stock,4.2
Kiabi,Fille,T-Shirt Effet 2-En-1 Avec Débardeur,130,En stock,4.2
Kiabi,Fille,Pyjama Long En Popeline - 2 Pièces,205,En stock,4.2
Kiabi,Fille,T-Shirt En Maille Jersey Manches Courtes,90,En stock,4.2
Kiabi,Fille,Casquette Baseball En Coton,60,En stock,4.2
Kiabi,Fille,Lot De 2 Paires De Collants Légers,85,En stock,4.2
Kiabi,Fille,Top Sans Manches,145,En stock,4.2
Kiabi,Fille,Pantalon Large En Maille Stretch,165,En stock,4.2
Kiabi,Fille,Robe Légère Unie À Manches Courtes,175,En stock,4.2
Kiabi,Fille,T-Shirt Avec Patch Vichy,105,En stock,4.2
Kiabi,Fille,Robe Légère À Étage,135,En stock,4.2
Kiabi,Fille,Lot De Brassière En Maille Côtelée,110,En stock,4.2
Kiabi,Fille,Lot De 2 Leggings Longs,95,En stock,4.2
Kiabi,Fille,Legging Côtelé À Motif,110,En stock,4.2
Kiabi,Fille,Pantalon En Lin Mélangé,175,En stock,4.2
Kiabi,Fille,Sweat En Molleton Léger,120,En stock,4.2
Kiabi,Fille,Gilet De Sport À Capuche,330,En stock,4.2
Kiabi,Fille,Lot De 2 Paires De Chaussettes Hautes Compressives Unie,110,En stock,4.2
Kiabi,Fille,Blouse Avec Broderies Fleurs À Manches Courtes,190,En stock,4.2
Kiabi,Fille,Veste En Denim À Col Rond,265,En stock,4.2
Kiabi,Fille,Sac De Sport Avec Poches Extérieures Et Rangement Chaussures,345,En stock,4.2
Kiabi,Fille,Sabot En Suédine,240,En stock,4.2
Kiabi,Fille,Legging De Sport En Rib Sans Coutures,195,En stock,4.2
Kiabi,Fille,Robe Col Mao En Jean,230,En stock,4.2
Kiabi,Fille,Lot De 2 Shorts Cyclistes,70,En stock,4.2
Kiabi,Fille,Legging De Sport Imprimé Léopard,260,En stock,4.2
Kiabi,Fille,T-Shirt Imprimé Fantaisie,50,En stock,4.2
Kiabi,Fille,Tee-Shirt Fluide Avec Fente Au Dos,140,En stock,4.2
Kiabi,Fille,Lot De 2 Paires De Chaussettes,55,En stock,4.2
Kiabi,Fille,Top Sans Manches En Crochet,175,En stock,4.2
Kiabi,Fille,Lot De 2 Élastiques,55,En stock,4.2
Kiabi,Fille,Lot De 2 Collants Côtelés Chauds,130,En stock,4.2
Kiabi,Fille,Jogging De Sport Wide Leg,275,En stock,4.2
Kiabi,Fille,Gilet En Maille Ajourée,190,En stock,4.2
Kiabi,Fille,Produit REF FLK58,120,En stock,4.2
Kiabi,Fille,Sweat Esprit Campus,145,En stock,4.2
Kiabi,Fille,Legging De Sport Avec Poches,205,En stock,4.2
Kiabi,Fille,Veste De Sport Col Camionneur,275,En stock,4.2
Kiabi,Fille,Brassière De Sport En Rib Maintient Léger,195,En stock,4.2
Kiabi,Fille,Veste De Sport Zippée,345,En stock,4.2
Kiabi,Fille,Ensemble Pyjama Court - 2 Pièces,95,En stock,4.2
Kiabi,Fille,Short De Sport Color Block,165,En stock,4.2
Kiabi,Fille,Jean Wide Leg À Motif Brodé,205,En stock,4.2
Kiabi,Fille,T-Shirt À Manches Courtes En Broderies Anglaises,90,En stock,4.2
Kiabi,Fille,Chemise Rayée,190,En stock,4.2
Kiabi,Fille,Brassière De Sport Croisée Au Dos Maintien Moyen,195,En stock,4.2
Kiabi,Fille,Lot De 5 Paires De Chaussettes,110,En stock,4.2
Kiabi,Fille,Lot De 3 Chaussettes Antidérapantes,125,En stock,4.2
Kiabi,Fille,Robe En Maille Légère Fine Bretelles All-Over En Coton,55,En stock,4.2
Kiabi,Fille,Tee-Shirt Long Fluide,165,En stock,4.2
Kiabi,Fille,T-Shirt À Manches Courtesavec Forme Ajourée,90,En stock,4.2
Kiabi,Fille,Bob Uni,75,En stock,4.2
Kiabi,Fille,Pantalon En Twill Avec Cordons De Serrage,175,En stock,4.2
Kiabi,Fille,Lot De 2 Leggings Court,95,En stock,4.2
Kiabi,Fille,Lot De 5 Paires De Chaussette En Coton,70,En stock,4.2
Kiabi,Fille,T-Shirt À Manches Volantes,75,En stock,4.2
Kiabi,Fille,Débardeur De Sport Fluide,110,En stock,4.2
Kiabi,Fille,T-Shirt Côtelé À Manches Volantées,75,En stock,4.2
Kiabi,Fille,Bermuda En Jean,175,En stock,4.2
Kiabi,Fille,Brassière De Sport Maintien Léger,165,En stock,4.2
Kiabi,Fille,Sac À Banane Imprimé All-Over Fleuri En Coton,175,En stock,4.2
Kiabi,Fille,Gilet Mouliné Avec Détails Ondulés,250,En stock,4.2
Kiabi,Fille,Lot De 5 Paires De Chaussette Avec Revers En Coton,70,En stock,4.2
Kiabi,Fille,Brassière De Sport Imprimé Léopard Maintien Léger,195,En stock,4.2
Kiabi,Fille,Jupe À Volants En Lin Mélangé,175,En stock,4.2
Kiabi,Fille,Lot De 7 Paires De Socquettes Invisibles,95,En stock,4.2
Kiabi,Fille,Legging Maillé En Coton Uni,70,En stock,4.2
Kiabi,Fille,Brassière De Sport Maintien Léger,140,En stock,4.2
Kiabi,Fille,Short De Sport,195,En stock,4.2
Kiabi,Fille,T-Shirt Côtelé À Manches Courtes Volantées,80,En stock,4.2
Kiabi,Fille,Lot De 5 Paires De Socquettes De Sport,85,En stock,4.2
Kiabi,Fille,Tee-Shirt De Sport Avec Détail Réfléchissant,165,En stock,4.2
Kiabi,Fille,Brassière De Sport Effet Twisté Au Dos Maintien Fort,260,En stock,4.2
Kiabi,Fille,Short Cycliste De Sport Sans Couture,125,En stock,4.2
Kiabi,Fille,T-Shirt En Jersey Avec Col Rond Avec Broderies Anglaises,90,En stock,4.2
Kiabi,Fille,Doudoune Légère Avec Capuche,220,En stock,4.2
Kiabi,Fille,T-Shirt Côtelé À Fleurs,105,En stock,4.2
Kiabi,Fille,T-Shirt En Coton Avec Col Brodé,105,En stock,4.2
Kiabi,Fille,T-Shirt À Rayures À Manches Longues Et Col Rond,65,En stock,4.2
Kiabi,Fille,Lot De 2 Leggings,110,En stock,4.2
Kiabi,Fille,Lot De 3 T-Shirts En Maille Pointelle,165,En stock,4.2
Kiabi,Fille,Lot De 3 Débardeurs En Maille Pointelle,140,En stock,4.2
Kiabi,Fille,Blouse À Collerette Unie,190,En stock,4.2
Kiabi,Fille,Blouse En Double Gaze De Coton,190,En stock,4.2
Kiabi,Fille,Robe Collerette En Lin Mélangé,205,En stock,4.2
Kiabi,Fille,Polo Oversize À Rayures,175,En stock,4.2
Kiabi,Fille,Jupe En Denim Avec Volants,175,En stock,4.2
Kiabi,Fille,Robe Salopette Courte En Jean,205,En stock,4.2
Kiabi,Fille,Pantacourt En Jean Avec Franges,120,En stock,4.2
Kiabi,Fille,Jupe Short En Jean,175,En stock,4.2
Kiabi,Fille,Pince Croco Avec Nœud Fantaisie Et Ruban,60,En stock,4.2
Kiabi,Fille,Serre-Tête Fleuri,75,En stock,4.2
Kiabi,Fille,Chouchou En Broderies Anglaises,45,En stock,4.2
Kiabi,Fille,Pantalon Wide Leg Fit / Coupe Large À 2 Teintes,205,En stock,4.2
Kiabi,Fille,Lot De 3 Socquettes De Cérémonie À Volants,85,En stock,4.2
Kiabi,Fille,Jean Forme Balloon,205,En stock,4.2
Kiabi,Fille,Lot De 3 Socquettes À Volants,85,En stock,4.2
Kiabi,Fille,Blouse Ample En Lin Mélangé,175,En stock,4.2
Kiabi,Fille,Lot De 2 Collants Légers Imprimés,95,En stock,4.2
Kiabi,Fille,Sac De Voyage,220,En stock,4.2
Kiabi,Fille,Sac De Piscine,105,En stock,4.2
Kiabi,Fille,Casquette À Motif Réglable Par Scratch,90,En stock,4.2
Kiabi,Fille,Robe Pull Avec Col En Dentelle,215,En stock,4.2
Kiabi,Fille,Blouson À Capuche Matelassé,370,En stock,4.2
Kiabi,Fille,Lot De 3 Chaussettes Imprimées,85,En stock,4.2
Kiabi,Fille,Lot De 5 Chaussettes Chaudes,95,En stock,4.2
Kiabi,Fille,Robe En Maille Jacquard Avec Col Claudine,205,En stock,4.2
Kiabi,Fille,Legging En Tricot,120,En stock,4.2
Kiabi,Fille,Pantalon Large En Lin Mélangé,175,En stock,4.2
Kiabi,Fille,Pochette Cadeau 'Stitch' Format XL,50,En stock,4.2
Kiabi,Fille,Pantalon Large Avec Effet 2 En 1 Avec Style Caleçon,205,En stock,4.2
Kiabi,Fille,Casquette 'Angel',120,En stock,4.2
Kiabi,Fille,Pantalon De Sport Coupe Flare,165,En stock,4.2
Kiabi,Fille,Casquette 'Stitch' 'Angel',120,En stock,4.2
Kiabi,Fille,Pantalon Legging Wide Leg En Velours Côtelé,165,En stock,4.2
Kiabi,Fille,Jean Flare Classique,135,En stock,4.2
Kiabi,Fille,Veste À Pressions Effet Moutonné,235,En stock,4.2
Kiabi,Fille,Sweat En Velours Côtelé Avec Col Camionneur,175,En stock,4.2
Kiabi,Fille,Pull En Maille Chenille,175,En stock,4.2
Kiabi,Fille,Gilet En Maille Pointelle,205,En stock,4.2
Kiabi,Fille,Chemise À Col Fantaisie,175,En stock,4.2
Kiabi,Fille,Robe Pull Avec Maille Ajourée Et Volants,215,En stock,4.2
Kiabi,Fille,Legging Large En Velours,135,En stock,4.2
Kiabi,Fille,Top Court À Manches Longues,145,En stock,4.2
Kiabi,Fille,T-Shirt Manches Longues Avec Animation Brodée Devant,130,En stock,4.2
Kiabi,Fille,Blouse À Motif En Maille Crêpée,145,En stock,4.2
Kiabi,Fille,Top Ajouré Avec Noeuds Fantaisies,175,En stock,4.2
Kiabi,Fille,Sweat 'Angel 'Disney',205,En stock,4.2
Kiabi,Fille,Jupe En Velours Coupe Courte Et Droite,175,En stock,4.2
Kiabi,Fille,Pantalon En Velours Coupe Flare,175,En stock,4.2
Kiabi,Fille,Sweat 'Stitch' 'Disney',205,En stock,4.2
Kiabi,Fille,Jupe-Short En Jean 'Minnie' 'Disney',205,En stock,4.2
Kiabi,Fille,Veste Bombée En Jean,370,En stock,4.2
Kiabi,Fille,Lot De 3 Paires De Chaussettes 'Stitch',85,En stock,4.2
Kiabi,Fille,Lot De 5 Culottes 'Stitch',140,En stock,4.2
Kiabi,Fille,Lot De 2 Shortys 'Stitch',110,En stock,4.2
Kiabi,Fille,Lot De 2 Brassières 'Stitch',140,En stock,4.2
Kiabi,Fille,Pantalon En Denim À Taille Haute,175,En stock,4.2
Kiabi,Fille,Sac Cadeau 'Coeur',35,En stock,4.2
Kiabi,Fille,Lot De Paires De Chaussettes De Sport,85,En stock,4.2
Kiabi,Fille,Polo À Rayures Imprimé 'Angel' 'Disney',205,En stock,4.2
Kiabi,Fille,Jean Imprimé 'Stitch',265,En stock,4.2
Kiabi,Fille,Sweat À Col Rond 'Minnie',175,En stock,4.2
Kiabi,Fille,Sweat À Capuche Imprimé 'Stitch',265,En stock,4.2
Kiabi,Fille,Lot De 3 Paires De Socquettes,85,En stock,4.2
Kiabi,Fille,Sac Cadeau 'Happy Birthday',45,En stock,4.2
Kiabi,Fille,Lot De 3 Chaussettes De Sport,85,En stock,4.2
Kiabi,Fille,Boite Cadeau 'Naissance',35,En stock,4.2
Kiabi,Fille,Veste Effet Moutonnée Sans Manches,220,En stock,4.2
Kiabi,Fille,Lot De 2 Brassières,85,En stock,4.2
Kiabi,Fille,Lot De 3 Paires De Chaussettes Invisibles,60,En stock,4.2
Kiabi,Fille,Pantalon Flare En Twill Avec Taille Ajustable,135,En stock,4.2
Kiabi,Fille,Lot De 3 Chaussettes Invisibles Sport,85,En stock,4.2
Kiabi,Fille,Lot De 3 Paires De Chaussettes De Sport,85,En stock,4.2
Kiabi,Fille,Sac Cadeau En Papier,35,En stock,4.2
Kiabi,Fille,Pyjama Long Imprimé Rayé - 2 Pièces,165,En stock,4.2
Kiabi,Fille,Lot De 3 Maillots De Corps En Coton,85,En stock,4.2
Kiabi,Fille,Lot De 3 Débardeurs Coton,85,En stock,4.2
Kiabi,Fille,Pochette Cadeau Format XL,50,En stock,4.2
Kiabi,Fille,Shorties En Jersey - Lot De 3,110,En stock,4.2
Kiabi,Fille,Pantalon Wide Leg,205,En stock,4.2
Kiabi,Fille,Pochette Cadeau Avec Imprimé 'Cœur',30,En stock,4.2
Kiabi,Fille,Lot De 5 Paires De Chaussettes,70,En stock,4.2
Kiabi,Fille,Lot De 7 Paires De Chaussettes,70,En stock,4.2
Kiabi,Fille,Lot De 7 Culottes Unies,70,En stock,4.2
Kiabi,Fille,Jean Skinny 5 Poches,120,En stock,4.2
Kiabi,Fille,Pochette Cadeau,50,En stock,4.2
Kiabi,Fille,T-Shirts En Maille Pointelle - Lot De 2,140,En stock,4.2
Kiabi,Fille,Sac Bandoulière Doré,175,En stock,4.2
Kiabi,Fille,Gilet Boutonné En Polaire Uni,175,En stock,4.2
Kiabi,Fille,Gilet Bolero En Maille Fantaisie Coton Unie,120,En stock,4.2
Kiabi,Fille,Robe En Tulle Broderie Anglaise Unie,270,En stock,4.2
Kiabi,Fille,Robe Sans Manche En Jacquard Avec Gros Nœud,270,En stock,4.2
Kiabi,Fille,Robe Denim Col À Froufrous Uni,205,En stock,4.2
Kiabi,Fille,Robe Unie Avec Fils Brillants Unie,205,En stock,4.2
Kiabi,Fille,Robe En Jersey Coton Uni,165,En stock,4.2
Kiabi,Fille,Robe Sweat En Maille French Terry Uni,205,En stock,4.2
Kiabi,Fille,Sweat À Capuche Imprimé 'Stitch',265,En stock,4.2
Kiabi,Fille,Polo À Rayures Imprimé 'Angel' 'Disney',205,En stock,4.2
Kiabi,Fille,Sweat À Col Rond 'Minnie',175,En stock,4.2
Kiabi,Fille,Jean Imprimé 'Stitch',265,En stock,4.2
Kiabi,Fille,Lot De 4 Pinces + 2 Élastiques 'Stitch',60,En stock,4.2
Kiabi,Fille,Lot De 5 Chaussettes En Coton,95,En stock,4.2
Kiabi,Fille,Lot De Débardeurs À Bretelles Larges,140,En stock,4.2
Kiabi,Fille,Sweat Zippé À Capuche Avec Imprimé,175,En stock,4.2
Kiabi,Fille,Pantalon Slim - Coupe Ajustée 4 Poches,120,En stock,4.2
Kiabi,Fille,Gilet À Manches Longues Avec Ouverture Pressions,175,En stock,4.2
Kiabi,Fille,Gilet En Maille Unie,120,En stock,4.2
Kiabi,Fille,Lot De 6 Pinces Clic Clac,35,En stock,4.2
Kiabi,Fille,Brassières À Fines Bretelles En Jersey - Lot De 2,110,En stock,4.2
Kiabi,Fille,Tee-Shirt Uni,45,En stock,4.2
Kiabi,Fille,Jean Skinny 5 Poches,120,En stock,4.2
Kiabi,Fille,Lot De 3 T-Shirts En Maille Pointelle,165,En stock,4.2
Kiabi,Fille,Legging Long En Jersey,70,En stock,4.2
Kiabi,Fille,T-Shirts En Maille Pointelle - Lot De 2,140,En stock,4.2
Kiabi,Fille,Ensemble Pyjama T-Shirt + Pantalon - 2 Pièces,85,En stock,4.2
Kiabi,Fille,Lot De 7 Culottes,110,En stock,4.2
Kiabi,Fille,Veste Effet Moutonnée Sans Manches,220,En stock,4.2
Kiabi,Fille,Pyjama Long Imprimé Rayé - 2 Pièces,165,En stock,4.2
Kiabi,Fille,Porte Monnaie Zippé 'Stitch' 'Disney',75,En stock,4.2
Kiabi,Fille,Lot De 3 Pinces Croco 'Stitch',50,En stock,4.2
Kiabi,Fille,Lot De 7 Paires De Chaussettes Mi-Hauteur,95,En stock,4.2
Kiabi,Fille,Ceinture Fine Imprimé Léopard,90,En stock,4.2
Kiabi,Fille,Tee-Shirt En Maille Côtelée,75,En stock,4.2
Kiabi,Fille,Lot De 3 Chouchous 'Stitch',60,En stock,4.2
Kiabi,Fille,Jogging Uni Avec Taille Élastiquée,70,En stock,4.2
Kiabi,Fille,Lot De 3 Culottes,70,En stock,4.2
Kiabi,Fille,Robe Sweat En Molleton Avec Inscription En Relief Et Pailletée,300,En stock,4.2
Kiabi,Fille,Pantalon Large Taille Haute,135,En stock,4.2
Kiabi,Fille,Jogging Wide Leg,135,En stock,4.2
Kiabi,Fille,Trousse De Toilette 'Stitch',130,En stock,4.2
Kiabi,Fille,Elastique Avec Nœud,45,En stock,4.2
Kiabi,Fille,Robe Sans Manches Avec Motif Doré Et Brillant,270,En stock,4.2
Kiabi,Fille,Lot De 2 Pinces Crabes,60,En stock,4.2
Kiabi,Fille,Foulard Carré Imprimé,90,En stock,4.2
Kiabi,Fille,Lot De 4 Pinces + 2 Chouchous 'Minnie',60,En stock,4.2
Kiabi,Fille,Pantalon En Jean Coupe Large / Wide Leg,175,En stock,4.2
Kiabi,Fille,Sac Pop It,90,En stock,4.2
Kiabi,Fille,Chaussons Mules Unis,95,En stock,4.2
Kiabi,Fille,Jean Large Taille Élastique,205,En stock,4.2
Kiabi,Fille,Robe En Velours Côtelé,230,En stock,4.2
Kiabi,Fille,Lot De 3 Chaussettes Invisibles Sport,90,En stock,4.2
Kiabi,Fille,Sac Cadeau 'Marie' De 'Aristochat',45,En stock,4.2
Kiabi,Fille,Robe Boutonnée À Manches Longues,230,En stock,4.2
Kiabi,Fille,Lot De Paires De Chaussettes De Sport,85,En stock,4.2
Kiabi,Fille,Lot De 2 Paires De Moufles Unies,50,En stock,4.2
Kiabi,Fille,Robe Pull En Maille,215,En stock,4.2
Kiabi,Fille,Lot De 2 Paires De Gants,50,En stock,4.2
Kiabi,Fille,Chouchou En Maille Gaufrée,30,En stock,4.2
Kiabi,Fille,Sac Cadeau En Papier 'Stitch',45,En stock,4.2
Kiabi,Fille,Pantalon Wide Leg,205,En stock,4.2
Kiabi,Fille,Lot De 3 Maillots De Corps En Coton,90,En stock,4.2
Kiabi,Fille,Lot De 3 Débardeurs Coton,90,En stock,4.2
Kiabi,Garçon,Pantalon En Jean Multipoches,205,En stock,4.2
Kiabi,Garçon,T-Shirt Imprimé Fantaisie À Manches Longues,90,En stock,4.2
Kiabi,Garçon,Ensemble Chemise + Cravate En Popeline À Scratch - 2 Pièces,175,En stock,4.2
Kiabi,Garçon,Pantalon Chino En Twill Avec Ceinture - 2 Pièces,205,En stock,4.2
Kiabi,Garçon,Chemise En Popeline Avec Nœud Papillon,175,En stock,4.2
Kiabi,Garçon,Pantalon Coupe Jogger En Flanelle,175,En stock,4.2
Kiabi,Garçon,Pyjama 2 Pièces Short + T-Shirt,70,En stock,4.2
Kiabi,Garçon,Pantalon Denim / Jean Coupe Ballon Large,165,En stock,4.2
Kiabi,Garçon,Polo Manches Longues En Maille Piquée,90,En stock,4.2
Kiabi,Garçon,Polo Effet 2-En-1 À Manches Courtes,120,En stock,4.2
Kiabi,Garçon,Baskets En Toile Unie,190,En stock,4.2
Kiabi,Garçon,Bermuda En Sergé,165,En stock,4.2
Kiabi,Garçon,T-Shirt Effet 2-En-1 À Manches Longues,120,En stock,4.2
Kiabi,Garçon,Ensemble Pyjama Long 'Star Wars' - 2 Pièces,180,En stock,4.2
Kiabi,Garçon,Lot De 2 Sweats French Terry En Coton,175,En stock,4.2
Kiabi,Garçon,T-Shirt À Rayures,65,En stock,4.2
Kiabi,Garçon,Ensemble Pyjama Long 'Spider-Man' 'Marvel' - 2 Pièces,180,En stock,4.2
Kiabi,Garçon,T-Shirt Oversize Effet Délavé,120,En stock,4.2
Kiabi,Garçon,Jogpant Avec Poches Plaquées Latérales,175,En stock,4.2
Kiabi,Garçon,Polo Rayé À Manches Courtes,130,En stock,4.2
Kiabi,Garçon,Pantalon Jogger Doublé,205,En stock,4.2
Kiabi,Garçon,T-Shirt À Manches Longues Rayé,105,En stock,4.2
Kiabi,Garçon,Sweat À Capuche Coupe Loose,145,En stock,4.2
Kiabi,Garçon,T-Shirt À Manches Longues Et Col Tunisien,65,En stock,4.2
Kiabi,Garçon,T-Shirt Loose Uni,75,En stock,4.2
Kiabi,Garçon,Jogging Type Néoprène,165,En stock,4.2
Kiabi,Garçon,T-Shirt Manches Longues Uni,105,En stock,4.2
Kiabi,Garçon,T-Shirt À Manches Courtes Imprimé,50,En stock,4.2
Kiabi,Garçon,T-Shirt Avec Poche Kangourou En Maille Ottoman,120,En stock,4.2
Kiabi,Garçon,Ensemble Pyjama Long Imprimé - 2 Pièces,140,En stock,4.2
Kiabi,Garçon,Pull Tricoté En Color Block,175,En stock,4.2
Kiabi,Garçon,Gilet Uni En Coton,190,En stock,4.2
Kiabi,Garçon,Chemise En Popeline,120,En stock,4.2
Kiabi,Garçon,Basket Slip-On En Mesh Uni,240,En stock,4.2
Kiabi,Garçon,Baskets Basses Slip-On En Mesh Uni,240,En stock,4.2
Kiabi,Garçon,Pantalon De Costume Regular Uni,205,En stock,4.2
Kiabi,Garçon,Baskets Basses En Suédine Bicolore,240,En stock,4.2
Kiabi,Garçon,Baskets Basses À Scratch Suédine Bicolore,240,En stock,4.2
Kiabi,Garçon,Pantalon En Velours Côtelé,175,En stock,4.2
Kiabi,Garçon,Sweat À Capuche Imprimé,205,En stock,4.2
Kiabi,Garçon,T-Shirt Imprimé Fantaisie À Manches Longues,35,En stock,4.2
Kiabi,Garçon,T-Shirt À Col Tunisien,75,En stock,4.2
Kiabi,Garçon,Casquette Baseball En Coton,60,En stock,4.2
Kiabi,Garçon,T-Shirt Esprit Basketball,105,En stock,4.2
Kiabi,Garçon,Lot De 7 Paires De Socquettes Invisibles,95,En stock,4.2
Kiabi,Garçon,Short Uni À Cordon En Coton,175,En stock,4.2
Kiabi,Garçon,Polo Pull,130,En stock,4.2
Kiabi,Garçon,Coupe-Vent Uni Qui Se Range Dans Sa Capuche,145,En stock,4.2
Kiabi,Garçon,Chemise Col Mao En Coton Uni,175,En stock,4.2
Kiabi,Garçon,Pantalon De Costume En Lin Mélangé,205,En stock,4.2
Kiabi,Garçon,Veste De Jogging Bicolore,205,En stock,4.2
Kiabi,Garçon,Ensemble De Pyjama Court T-Shirt + Short - 2 Pièces,95,En stock,4.2
Kiabi,Garçon,Chemise Unie À Manches Courtes,105,En stock,4.2
Kiabi,Garçon,Veste De Costume Unie,370,En stock,4.2
Kiabi,Garçon,T-Shirt Manches Courtes Imprimé Devant,105,En stock,4.2
Kiabi,Garçon,Sweat Uni Zippé À Capuche,130,En stock,4.2
Kiabi,Garçon,Jogpant Uni Avec Ourlets,165,En stock,4.2
Kiabi,Garçon,Polo À Manches Courtes En Piqué De Coton,90,En stock,4.2
Kiabi,Garçon,T-Shirt Loose,60,En stock,4.2
Kiabi,Garçon,Lot De 2 T-Shirts,120,En stock,4.2
Kiabi,Garçon,Lot De 2 Sweats Unis En Molleton,175,En stock,4.2
Kiabi,Garçon,Veste Zippée Façon Workwear,370,En stock,4.2
Kiabi,Garçon,Sandales Plates En Suédine,240,En stock,4.2
Kiabi,Garçon,T-Shirt Rayé À Col Tunisien,90,En stock,4.2
Kiabi,Garçon,Ensemble Pyjama En Popeline - 2 Pièces,205,En stock,4.2
Kiabi,Garçon,Short En Jean Élastiqué,135,En stock,4.2
Kiabi,Garçon,Baskets En Toile À Scratch,190,En stock,4.2
Kiabi,Garçon,T-Shirt En Coton Premium,90,En stock,4.2
Kiabi,Garçon,Blouson À Capuche Denim Et Jersey,370,En stock,4.2
Kiabi,Garçon,Ensemble De Pyjama T-Shirt + Pantalon Côtelés - 2 Pièces,165,En stock,4.2
Kiabi,Garçon,Doudoune Légère Avec Capuche,220,En stock,4.2
Kiabi,Garçon,Sweat Zippé À Capuche,220,En stock,4.2
Kiabi,Garçon,Jean Slim Taille Ajustable,135,En stock,4.2
Kiabi,Garçon,Lot De 3 Débardeurs,140,En stock,4.2
Kiabi,Garçon,Produit REF EUK52,165,En stock,4.2
Kiabi,Garçon,Produit REF EUJ81,205,En stock,4.2
Kiabi,Garçon,Produit REF EUJ77,235,En stock,4.2
Kiabi,Garçon,T-Shirt Basique En Jersey Uni,30,En stock,4.2
Kiabi,Garçon,Polo Oversize À Rayures,175,En stock,4.2
Kiabi,Garçon,Chemise En Jean Avec Poche Poitrine,175,En stock,4.2
Kiabi,Garçon,Jean Avec Découpes Aux Genoux,205,En stock,4.2
Kiabi,Garçon,Pantalon En Jean Coupe Confortable,205,En stock,4.2
Kiabi,Garçon,Casquette Baseball,90,En stock,4.2
Kiabi,Garçon,Sac De Voyage,220,En stock,4.2
Kiabi,Garçon,Sac De Piscine,105,En stock,4.2
Kiabi,Garçon,Doudoune Sans Manches À Capuche,220,En stock,4.2
Kiabi,Garçon,Blouson À Capuche Matelassé,370,En stock,4.2
Kiabi,Garçon,Lot De 5 Slips 'Spidey',140,En stock,4.2
Kiabi,Garçon,Pantalon En Lin Mélangé Regular Fit,165,En stock,4.2
Kiabi,Garçon,Caquette 'Marvel',120,En stock,4.2
Kiabi,Garçon,Jogging Cargo En French Terry,135,En stock,4.2
Kiabi,Garçon,Brosse 'Spider-Man',65,En stock,4.2
Kiabi,Garçon,Sweat Loose À Capuche,145,En stock,4.2
Kiabi,Garçon,T-Shirt Imprimé À Message,35,En stock,4.2
Kiabi,Garçon,Lot De 3 Paires De Chaussettes 'Spiderman',85,En stock,4.2
Kiabi,Garçon,Lot De 2 Boxers 'Spider-Man',110,En stock,4.2
Kiabi,Garçon,Pull Col Rond Toucher Doux,205,En stock,4.2
Kiabi,Garçon,Pyjama Long Imprimé 'Marvel',165,En stock,4.2
Kiabi,Garçon,Veste Sans Manches Polaire,175,En stock,4.2
Kiabi,Garçon,Ensemble Pyjama Long 'Sonic' - 2 Pièces,180,En stock,4.2
Kiabi,Garçon,Ensemble Pyjama Long 'Pokemon' - 2 Pièces,180,En stock,4.2
Kiabi,Garçon,Sweat Avec Ouverture Zippée,220,En stock,4.2
Kiabi,Garçon,Sweat Loose En Molleton,205,En stock,4.2
Kiabi,Garçon,Pantalon Jogging 'Marvel',175,En stock,4.2
Kiabi,Garçon,T-Shirt Oversize Color Bloc,105,En stock,4.2
Kiabi,Garçon,Pantalon Style Jogger,120,En stock,4.2
Kiabi,Garçon,Jogpant Avec Taille Élastiquée Avec Liens De Serrage,175,En stock,4.2
Kiabi,Garçon,Jogging Uni En Molleton Léger,135,En stock,4.2
Kiabi,Garçon,Sweat À Capuche 'Marvel' 'Avengers',235,En stock,4.2
Kiabi,Garçon,Jogging En Molleton,165,En stock,4.2
Kiabi,Garçon,Jogging Bi-Matière,190,En stock,4.2
Kiabi,Garçon,Pantalon Multipoches Uni,205,En stock,4.2
Kiabi,Garçon,Polo En Coton Piqué,145,En stock,4.2
Kiabi,Garçon,Pantalon Denim Coupe Jogger,165,En stock,4.2
Kiabi,Garçon,Jogging En Molleton Uni Multi-Poches,135,En stock,4.2
Kiabi,Garçon,Lot De 7 Slips À Imprimés,110,En stock,4.2
Kiabi,Garçon,Pantalon Chino Slim,135,En stock,4.2
Kiabi,Garçon,Ceinture Tressée,90,En stock,4.2
Kiabi,Garçon,Lot De 3 Chaussettes De Sport Invisibles,85,En stock,4.2
Kiabi,Garçon,Lot 3 Maillots De Corps En Coton,85,En stock,4.2
Kiabi,Garçon,Sac Cadeau En Papier 'Mickey' 'Disney',45,En stock,4.2
Kiabi,Garçon,Jean Loose À Grandes Poches,205,En stock,4.2
Kiabi,Garçon,Chemise Manches Longues Oxford,175,En stock,4.2
Kiabi,Garçon,Lot De 3 Maillots De Corps,85,En stock,4.2
Kiabi,Garçon,Jean Skinny Avec Taille Ajustable,95,En stock,4.2
Kiabi,Garçon,Lot De 5 Chaussettes Invisibles,70,En stock,4.2
Kiabi,Garçon,T-Shirt Basique À Manches Longues,45,En stock,4.2
Kiabi,Garçon,Lot De 5 Chaussettes En Coton,95,En stock,4.2
Kiabi,Garçon,Lot De 5 Chaussettes Unies,70,En stock,4.2
Kiabi,Garçon,Pyjama Long En Jersey Avec Imprimé - 2 Pièces,85,En stock,4.2
Kiabi,Garçon,Lot De 7 Paires De Chaussettes Imprimées,95,En stock,4.2
Kiabi,Garçon,Jean Droit À 5 Poches,175,En stock,4.2
Kiabi,Garçon,Lot De 7 Paires De Chaussettes,70,En stock,4.2
Kiabi,Garçon,Lot De 3 Boxers Stretch,110,En stock,4.2
Kiabi,Garçon,Pantalon Regular Uni,120,En stock,4.2
Kiabi,Garçon,5 Boxers Unis,110,En stock,4.2
Kiabi,Garçon,Polo Uni En Maille Piquée,75,En stock,4.2
Kiabi,Garçon,T-Shirt Manches Courtes À Motif,60,En stock,4.2
Kiabi,Garçon,Lot De 2 T-Shirts En Jersey,140,En stock,4.2
Kiabi,Garçon,Pantalon De Costume Slim Fit Ajustable,165,En stock,4.2
Kiabi,Garçon,Pantalon Casual En Coton Uni,165,En stock,4.2
Kiabi,Garçon,Chino 5 Poches Slim Fit Uni,135,En stock,4.2
Kiabi,Garçon,Veste De Costume Regular En Coton Unie,410,En stock,4.2
Kiabi,Garçon,Chemise À Capuche En Coton Et Lin Uni,220,En stock,4.2
Kiabi,Garçon,Chemise Regular Rayée En Coton Et Lin,175,En stock,4.2
Kiabi,Garçon,Chemise Col Mao Rayée En Coton Et Lin,175,En stock,4.2
Kiabi,Garçon,Chemise Oxford Col Mao,120,En stock,4.2
Kiabi,Garçon,Jean Loose À Grandes Poches,205,En stock,4.2
Kiabi,Garçon,Sweat Uni À Col Rond En French Terry,75,En stock,4.2
Kiabi,Garçon,Pochette Cadeau Format XL,50,En stock,4.2
Kiabi,Garçon,Ceinture Simili Toucher Doux,90,En stock,4.2
Kiabi,Garçon,T-Shirt Manches Longues Uni,105,En stock,4.2
Kiabi,Garçon,Pantalon Regular Uni,120,En stock,4.2
Kiabi,Garçon,T-Shirt Basique À Manches Longues,45,En stock,4.2
Kiabi,Garçon,Jean Droit À 5 Poches,175,En stock,4.2
Kiabi,Garçon,Lot De 2 T-Shirts En Jersey,140,En stock,4.2
Kiabi,Garçon,Lot De 3 Maillots De Corps Manches Courtes,165,En stock,4.2
Kiabi,Garçon,Lot De 3 Boxers Stretch,110,En stock,4.2
Kiabi,Garçon,Pyjama Long En Jersey Avec Imprimé - 2 Pièces,85,En stock,4.2
Kiabi,Garçon,Jean Skinny Avec Taille Ajustable,95,En stock,4.2
Kiabi,Garçon,Lot De 5 Chaussettes Invisibles,70,En stock,4.2
Kiabi,Garçon,Pochette Cadeau Avec Imprimé 'Cœur',30,En stock,4.2
Kiabi,Garçon,Lot 2 Pantalons Joggings En Molleton,165,En stock,4.2
Kiabi,Garçon,Lot De 7 Paires De Chaussettes Imprimées,95,En stock,4.2
Kiabi,Garçon,Pantalon Chino Slim,135,En stock,4.2
Kiabi,Garçon,Short En Molleton Léger,60,En stock,4.2
Kiabi,Garçon,Gilet Zippée Avec Larges Côtes,220,En stock,4.2
Kiabi,Garçon,Pantalon Chino Slim,135,En stock,4.2
Kiabi,Garçon,Chemise En Coton Col Mao,120,En stock,4.2
Kiabi,Garçon,Mocassins Bateaux Unis,315,En stock,4.2
Kiabi,Garçon,Mocassins Bateaux Unis,315,En stock,4.2
Kiabi,Garçon,Sac Cadeau 'Happy Birthday',45,En stock,4.2
Kiabi,Garçon,Lot De 3 Maillots De Corps,90,En stock,4.2
Kiabi,Bébé,Ensemble En Molleton Sweat + Pantalon - 2 Pièces,140,En stock,4.2
Kiabi,Bébé,Veste En Denim Imprimé 'Disney',295,En stock,4.2
Kiabi,Bébé,Ensemble Gilet Cache Cœur + Legging En Maille - 2 Pièces,255,En stock,4.2
Kiabi,Bébé,Jean Large Avec Taille Ajustable,185,En stock,4.2
Kiabi,Bébé,Salopette Longue En Twill Avec Ceinture En Gaze De Coton,225,En stock,4.2
Kiabi,Bébé,Robe Sans Manches En Denim Avec Nœuds Fantaisies,190,En stock,4.2
Kiabi,Bébé,Tee-Shirt Épais Avec Animal Brodé,90,En stock,4.2
Kiabi,Bébé,Body En Maille Pointelle Avec Col Montant,90,En stock,4.2
Kiabi,Bébé,Pantalon Relax Fit,170,En stock,4.2
Kiabi,Bébé,Chemise À Capuche Et Avec Poche Kangourou,170,En stock,4.2
Kiabi,Bébé,Pyjama Dors Bien Chaud En Flanelle,195,En stock,4.2
Kiabi,Bébé,Ensemble T-Shirt + Legging + Gilet - 3 Pièces,355,En stock,4.2
Kiabi,Bébé,Ensemble T-Shirt + Pantalon En Denim - 2 Pièces,255,En stock,4.2
Kiabi,Bébé,Salopette Unie À Bretelles Ajustables,225,En stock,4.2
Kiabi,Bébé,Ensemble 2 Pièces T-Shirt + Salopette Short,170,En stock,4.2
Kiabi,Bébé,T-Shirt Imprimé 'Simba' 'Disney',75,En stock,4.2
Kiabi,Bébé,Jean Slim À Motif Floral,170,En stock,4.2
Kiabi,Bébé,Dors Bien En Velours 'Winnie',185,En stock,4.2
Kiabi,Bébé,Veste Matelassée Col Rond En Tissu Déperlant,265,En stock,4.2
Kiabi,Bébé,T-Shirt Imprimé 'Minnie' À Manches Longues,75,En stock,4.2
Kiabi,Bébé,Salopette Short En Denim,200,En stock,4.2
Kiabi,Bébé,Lot De 2 Leggings Côtelés,100,En stock,4.2
Kiabi,Bébé,Lot 2 Pantalons Jogging En French Terry,140,En stock,4.2
Kiabi,Bébé,Dors Bien 'Jurassic World' En Velours De Coton,185,En stock,4.2
Kiabi,Bébé,Body Manches Longues Maille Gaufrée,90,En stock,4.2
Kiabi,Bébé,Legging Tricot Gratté En Coton Uni,115,En stock,4.2
Kiabi,Bébé,T-Shirt Uni En Jersey Coton,60,En stock,4.2
Kiabi,Bébé,Barboteuse Sans Manches En Double Gaze De Coton,150,En stock,4.2
Kiabi,Bébé,T-Shirt En Jersey Avec Manches Courtes,35,En stock,4.2
Kiabi,Bébé,Pyjama Dors Bien À Manches Longues,60,En stock,4.2
Kiabi,Bébé,Gilet En Maille Fine Jauge Uni,105,En stock,4.2
Kiabi,Bébé,Legging Long Uni,35,En stock,4.2
Kiabi,Bébé,Gilet Sans Manches En Fausse Fourrure,145,En stock,4.2
Kiabi,Bébé,Sweat À Capuche Avec Boutons Et Doublure Chaude,145,En stock,4.2
Kiabi,Bébé,Pull En Maille Avec Nœud Fantaisie Devant,175,En stock,4.2
Kiabi,Bébé,Legging Fourré En Molleton Avec Nœud,115,En stock,4.2
Kiabi,Bébé,Pantalon Chino Uni,125,En stock,4.2
Kiabi,Bébé,Lot De 2 Collants En Jersey Uni,85,En stock,4.2
Kiabi,Bébé,Lot De 2 Leggings Longs,85,En stock,4.2
Kiabi,Bébé,Ensemble Jogging En Molleton Sweat + Legging - 2 Pièces,170,En stock,4.2
Kiabi,Bébé,Paire De Chaussettes Fantaisie Anti-Dérapantes,70,En stock,4.2
Kiabi,Bébé,Lot De 3 Bodies Évolutifs Col US Et Manches Longues,145,En stock,4.2
Kiabi,Bébé,Chemise Rayée En Lin Et Coton,140,En stock,4.2
Kiabi,Bébé,Lot De 2 Collants Chaud Jersey,130,En stock,4.2
Kiabi,Bébé,Pull Polaire À Motif,130,En stock,4.2
Kiabi,Bébé,Pantalon Tregging,70,En stock,4.2
Kiabi,Bébé,Ensemble 2 Pièces En Tricot,255,En stock,4.2
Kiabi,Bébé,Sweat À Capuche En Molleton Animé Lapin,145,En stock,4.2
Kiabi,Bébé,Ensemble Pull + Legging En Maille,255,En stock,4.2
Kiabi,Bébé,Robe Salopette Avec 2 Poches Plaquées Devant,190,En stock,4.2
Kiabi,Bébé,Salopette Longue En Jean,225,En stock,4.2
Kiabi,Bébé,T-Shirt En Jersey À Manches Courtes,30,En stock,4.2
Kiabi,Bébé,T-Shirt À Manches Courtes Imprimé,30,En stock,4.2
Kiabi,Bébé,Robe En Lin Mélangé Avec Ceinture,190,En stock,4.2
Kiabi,Bébé,Salopette En Twill,200,En stock,4.2
Kiabi,Bébé,Dors-Bien En Coton,150,En stock,4.2
Kiabi,Bébé,T-Shirt À Col Tunisien Boutonné,60,En stock,4.2
Kiabi,Bébé,Pantalon En Lin Mélangé,170,En stock,4.2
Kiabi,Bébé,Salopette Légère Avec Bretelles Ajustables,185,En stock,4.2
Kiabi,Bébé,T-Shirt En Maille Rib Avec Nœuds Fantaisie,90,En stock,4.2
Kiabi,Bébé,Ensemble De Jogging Sweat + Pantalon,185,En stock,4.2
Kiabi,Bébé,Gilet En Maille Fantaisie Ajourée,120,En stock,4.2
Kiabi,Bébé,Salopette Courte Denim En Coton Unie,185,En stock,4.2
Kiabi,Bébé,Lot De 3 Bodies Évolutifs À Manches Courtes,130,En stock,4.2
Kiabi,Bébé,Pyjama Dors Bien,135,En stock,4.2
Kiabi,Bébé,Pull En Tricot Point Fantaisie,145,En stock,4.2
Kiabi,Bébé,Sweat-Shirt À Manches Longues,145,En stock,4.2
Kiabi,Bébé,Sweat-Shirt À Manches Longues Col Polo,130,En stock,4.2
Kiabi,Bébé,Polo En Coton Piqué À Manches Courtes,60,En stock,4.2
Kiabi,Bébé,Polo À Manches Courtes,90,En stock,4.2
Kiabi,Bébé,Ensemble De Pyjama En Molleton - 2 Pièces,145,En stock,4.2
Kiabi,Bébé,Pull Fine Jauge Encolure Boutonnée,130,En stock,4.2
Kiabi,Bébé,Bob Imprimé À Fleurs,90,En stock,4.2
Kiabi,Bébé,T-Shirt En Jersey Manches Courtes Avec Nœuds Fantaisies,75,En stock,4.2
Kiabi,Bébé,Pantalon Uni Relax Fit Avec 2 Poches Plaquées,140,En stock,4.2
Kiabi,Bébé,Ensemble T-Shirt + Short À Motif - 2 Pièces,140,En stock,4.2
Kiabi,Bébé,Body Avec Col Claudine,90,En stock,4.2
Kiabi,Bébé,Casquette En Gaze De Coton,90,En stock,4.2
Kiabi,Bébé,Lot De Pyjamas Dors Biens Avec Pieds,225,En stock,4.2
Kiabi,Bébé,Sweat Zippé À Capuche,130,En stock,4.2
Kiabi,Bébé,Sweat-Shirt En Coton Avec Animation Sur Le Devant,120,En stock,4.2
Kiabi,Bébé,Short En Lin Mélangé À Rayures,125,En stock,4.2
Kiabi,Bébé,Chemise Rayée Et À Motif À Manches Courtes,170,En stock,4.2
Kiabi,Bébé,T-Shirt En Jersey Manches Courtes Avec Poche Poitrine Imprimé,75,En stock,4.2
Kiabi,Bébé,Pantalon Paperbag En Twill De Coton,170,En stock,4.2
Kiabi,Bébé,Dors Bien Matelassé Sans Pieds,195,En stock,4.2
Kiabi,Bébé,T-Shirt Manches Longues Avec Imprimé Et Broderie,60,En stock,4.2
Kiabi,Bébé,Bob En Gaze De Coton,90,En stock,4.2
Kiabi,Bébé,Pantalon Uni En Matière Douce Avec Coupe Relax Fit,140,En stock,4.2
Kiabi,Bébé,Ensemble T-Shirt + Pantalon - 2 Pièces,125,En stock,4.2
Kiabi,Bébé,T-Shirt En Jersey De Coton Avec Manches Courtes En Broderie Anglaise,60,En stock,4.2
Kiabi,Bébé,Legging Long Imprimé,55,En stock,4.2
Kiabi,Bébé,Ensemble Sweat À Capuche + Jogging Monochrome - 2 Pièces,210,En stock,4.2
Kiabi,Bébé,Veste En Denim À Col Rond,235,En stock,4.2
Kiabi,Bébé,Casquette En Gaze De Coton,90,En stock,4.2
Kiabi,Bébé,Bob À Frange Avec Liens Uni En Coton,75,En stock,4.2
Kiabi,Bébé,Gilet En Point Mousse Uni,120,En stock,4.2
Kiabi,Bébé,Veste En Denim Avec Col À Pointes Libres Contrastant,235,En stock,4.2
Kiabi,Bébé,Robe Salopette À Motif,190,En stock,4.2
Kiabi,Bébé,Veste En Denim Avec Ouverture Pressionnée,235,En stock,4.2
Kiabi,Bébé,Veste Matelassée En Denim Avec Ouverture À Pressions,265,En stock,4.2
Kiabi,Bébé,Salopette En Jean À Fleurs,225,En stock,4.2
Kiabi,Bébé,Blouse Plumetis En Gaze De Coton,170,En stock,4.2
Kiabi,Bébé,Lot De Bodies À Manches Courtes - 3 Pièces,130,En stock,4.2
Kiabi,Bébé,T-Shirt Col Tunisien En Maille Gaufrée,75,En stock,4.2
Kiabi,Bébé,T-Shirt À Col Tunisien,60,En stock,4.2
Kiabi,Bébé,Dors Bien Jersey En Coton,195,En stock,4.2
Kiabi,Bébé,Pyjama Chaud Doublé Avec Volants Aux Épaules,195,En stock,4.2
Kiabi,Bébé,Blouse À Collerette En Popeline,170,En stock,4.2
Kiabi,Bébé,Blouse Manche Longue En Gaze De Coton,170,En stock,4.2
Kiabi,Bébé,Boléro En Maille Ajourée,105,En stock,4.2
Kiabi,Bébé,Sac A Dos Animé,185,En stock,4.2
Kiabi,Bébé,Pull En Tricot Uni,175,En stock,4.2
Kiabi,Bébé,Lot De 2 T-Shirts À Manches Courtes,105,En stock,4.2
Kiabi,Bébé,T-Shirt Avec Poche Fantaisie,65,En stock,4.2
Kiabi,Bébé,LKiabi,Chaussures,Sandales De Cérémonie Dorées À Talon,315,En stock,4.2
Kiabi,Chaussures,Sandales À Brides Dorées,190,En stock,4.2
Kiabi,Chaussures,Sabots Mules Effet Suède,315,En stock,4.2
Kiabi,Chaussures,Sandales Plates En Suédine,240,En stock,4.2
Kiabi,Chaussures,Baskets En Mesh,350,En stock,4.2
Kiabi,Chaussures,Baskets En Toile À Scratch,190,En stock,4.2
Kiabi,Chaussures,Sandales À Semelle Plateforme,315,En stock,4.2
Kiabi,Chaussures,Chaussons En Velours,75,En stock,4.2
Kiabi,Chaussures,Tongs Imprimé Damier,80,En stock,4.2
Kiabi,Chaussures,Tongs De Plage,80,En stock,4.2
Kiabi,Chaussures,Baskets Avec Empiècements Tricolores,350,En stock,4.2
Kiabi,Chaussures,Sandales En Tissu Avec Brides Croisées,105,En stock,4.2
Kiabi,Chaussures,Espadrilles En Mesh,285,En stock,4.2
Kiabi,Chaussures,Tongs Fantaisies,110,En stock,4.2
Kiabi,Chaussures,Chaussures De Villes,395,En stock,4.2
Kiabi,Chaussures,Sandales Style Trekking,240,En stock,4.2
Kiabi,Chaussures,Baskets De Ville,395,En stock,4.2
Kiabi,Chaussures,Sandales Tressées Perlées,240,En stock,4.2
Kiabi,Chaussures,Mules À Double Bride En Macramé,285,En stock,4.2
Kiabi,Chaussures,Sandales Avec Bijoux,240,En stock,4.2
Kiabi,Chaussures,Sandales Multi Brides Tressées,190,En stock,4.2
Kiabi,Chaussures,Sandales De Cérémonie À Talons,315,En stock,4.2
Kiabi,Chaussures,Sandales En Plastique,125,En stock,4.2
Kiabi,Chaussures,Sandales En Plastique,125,En stock,4.2
Kiabi,Chaussures,Sandales À Scratch,240,En stock,4.2
Kiabi,Chaussures,Sandales À Scratch,240,En stock,4.2
Kiabi,Chaussures,Tongs Imprimés,125,En stock,4.2
Kiabi,Chaussures,Tongs Maternelle,125,En stock,4.2
Kiabi,Chaussures,Sandales Souples Avec 2 Brides,90,En stock,4.2
Kiabi,Chaussures,Sandales En Plastique Léopard,125,En stock,4.2
Kiabi,Chaussures,Sandales En Plastique Léopard,125,En stock,4.2
Kiabi,Chaussures,Sandales À Scratch Léopard,240,En stock,4.2
Kiabi,Chaussures,Sandales À Scratch Léopard,240,En stock,4.2
Kiabi,Chaussures,Chaussures Bateau En Léopard,240,En stock,4.2
Kiabi,Chaussures,Chaussons Sabot,285,En stock,4.2
Kiabi,Chaussures,Baskets Basses À Empiècements Contrastants,315,En stock,4.2
Kiabi,Chaussures,Mules De Piscine Avec Bride En Mesh,125,En stock,4.2
Kiabi,Chaussures,Mules De Piscine Élastiquées,125,En stock,4.2
Kiabi,Chaussures,Chaussure Bateau,285,En stock,4.2
Kiabi,Chaussures,Mules De Piscine Compensées,190,En stock,4.2
Kiabi,Chaussures,Mocassins À Lacets,240,En stock,4.2
Kiabi,Chaussures,Chaussons 'Disney',105,En stock,4.2
Kiabi,Chaussures,Chaussons Mules Unis,95,En stock,4.2
Kiabi,Chaussures,Chaussons Bottillons,95,En stock,4.2
Kiabi,Chaussures,Chaussons Boots,95,En stock,4.2
Kiabi,Chaussures,Chaussons Mules,95,En stock,4.2
Kiabi,Chaussures,Baskets Montantes En Toile,75,En stock,4.2
Kiabi,Chaussures,Baskets Basses,285,En stock,4.2
Kiabi,Chaussures,Baskets À Scratchs,90,En stock,4.2
Kiabi,Chaussures,Chaussures À Paillettes Et Lacets,445,En stock,4.2
Kiabi,Chaussures,Chaussons En Suédine Avec Oreilles En Relief,75,En stock,4.2
Kiabi,Chaussures,Chaussures À Scratchs,445,En stock,4.2
Kiabi,Chaussures,Baskets Bicolores À Scratchs,90,En stock,4.2
Kiabi,Chaussures,Chaussures À Scratchs Brillants,445,En stock,4.2
Kiabi,Chaussures,Chaussons Mules,110,En stock,4.2
Kiabi,Chaussures,Baskets Basses Blanches,240,En stock,4.2
Kiabi,Chaussures,Chaussons À Lacets,75,En stock,4.2
Kiabi,Chaussures,Chaussons 'Lapin',75,En stock,4.2
Kiabi,Chaussures,Baskets Basses Texturées,315,En stock,4.2
ot De 2 Tee-Shirts Imprimés,105,En stock,4.2
Kiabi,Bébé,Pantalon Tregging Slim,70,En stock,4.2
Kiabi,Bébé,Gilet Fine Jauge Col V,130,En stock,4.2
Kiabi,Bébé,Jean Paperbag 'Disney',220,En stock,4.2
Kiabi,Bébé,Salopette En Denim Imprimé 'Disney',265,En stock,4.2
Kiabi,Bébé,Body À Manches Longues En Maille Pointelle,90,En stock,4.2
Kiabi,Bébé,Doudoune À Capuche Matelassée Sans Manches,190,En stock,4.2
Kiabi,Bébé,Pantalon Jogging En French Terry,85,En stock,4.2
Kiabi,Bébé,Sweat Mouliné En French Terry,90,En stock,4.2
Kiabi,Bébé,Blouse En Dobby Avec Ouverture Boutonnée Au Dos,125,En stock,4.2
Kiabi,Bébé,Pantalon De Jogging En Molleton Léger,85,En stock,4.2
Kiabi,Bébé,Sweat En Molleton À Motif,105,En stock,4.2
Kiabi,Bébé,Gilet Sans Manches Effet Moutonné,220,En stock,4.2
Kiabi,Bébé,Ensemble En Maille Douce - 2 Pièces,285,En stock,4.2
Kiabi,Bébé,Ensemble 2 Pièces En Maille Doudou,185,En stock,4.2
Kiabi,Bébé,Ensemble Blouse En Jean + Legging - 2 Pièces,285,En stock,4.2
Kiabi,Bébé,Doudoune Matelassée En Cœurs,295,En stock,4.2
Kiabi,Bébé,Gilet Style Campus Américain,175,En stock,4.2
Kiabi,Bébé,Veste Matelassée En Gaze De Coton,200,En stock,4.2
Kiabi,Bébé,Sweat Chiné Intérieur Velours Doux,130,En stock,4.2
Kiabi,Bébé,Lot De 2 Pull En Maille Compacte,235,En stock,4.2
Kiabi,Bébé,Jean Paperbag À Motif 'Minnie' 'Disney',220,En stock,4.2
Kiabi,Bébé,Robe Salopette 'Minnie' 'Disney',235,En stock,4.2
Kiabi,Bébé,Pull En Maille À Rayures,175,En stock,4.2
Kiabi,Bébé,Sweat En Molleton Léger Imprimé,75,En stock,4.2
Kiabi,Bébé,Pantalon Relax En Maille Piquée,140,En stock,4.2
Kiabi,Bébé,Jogging Multipoches Uni,140,En stock,4.2
Kiabi,Bébé,Ensemble T-Shirt + Salopette - 2 Pièces,285,En stock,4.2
Kiabi,Bébé,Robe En Velours À Manches Longues Avec Motif,145,En stock,4.2
Kiabi,Bébé,Veste Denim Imprimé 'Minnie',295,En stock,4.2
Kiabi,Bébé,Pantalon En Jean À Poches Fantaisies,185,En stock,4.2
Kiabi,Bébé,Robe En Maille Doudou Avec Col Fantaisie,175,En stock,4.2
Kiabi,Bébé,Pull Chaud Avec Manches Ballons,175,En stock,4.2
Kiabi,Bébé,Robe En Maille Avec Col Claudine,190,En stock,4.2
Kiabi,Bébé,Pull 2 En 1 Ave Collerette En Broderies Anglaises,205,En stock,4.2
Kiabi,Bébé,Pull En Maille Avec Broderies,175,En stock,4.2
Kiabi,Bébé,Lot De 2 Leggings En Maille Doudou,170,En stock,4.2
Kiabi,Bébé,Robe Bi Matière 2 En 1 En Tricot Et Flanelle,220,En stock,4.2
Kiabi,Bébé,Blouse En Voile De Coton Avec Broderies,185,En stock,4.2
Kiabi,Bébé,Bodies Imprimés En Coton - Lot De 3,115,En stock,4.2
Kiabi,Bébé,Lot De 3 Bodies Évolutifs,145,En stock,4.2
Kiabi,Bébé,Jean Paperbag + Ceinture À Motif,170,En stock,4.2
Kiabi,Bébé,Salopette Short Avec Poche Poitrine,185,En stock,4.2
Kiabi,Bébé,Pull En Maille Point Mousse,130,En stock,4.2
Kiabi,Bébé,Lot De 2 Bonnets Nouveau-Né,60,En stock,4.2
Kiabi,Bébé,Salopette Longue En Molleton Avec Bretelles Ajustables,185,En stock,4.2
Kiabi,Bébé,Lot De 2 Paires De Moufles Anti-Griffes,55,En stock,4.2
Kiabi,Bébé,Short Paperbag En Jean,140,En stock,4.2
Kiabi,Bébé,Body Avec Collerette En Dentelle,90,En stock,4.2
Kiabi,Bébé,Sweat En Molleton À Capuche,130,En stock,4.2
Kiabi,Bébé,Body Polo À Manches Longues,105,En stock,4.2
Kiabi,Bébé,Salopette En Jean,225,En stock,4.2
Kiabi,Bébé,Chemise En Denim Avec Broderie Cœur,170,En stock,4.2
Kiabi,Bébé,Pantalon Jogging En French Terry,55,En stock,4.2
Kiabi,Bébé,Chemise En Jean Regular Fit,140,En stock,4.2
Kiabi,Bébé,Pantalon Jogging En Denim Avec Poches,170,En stock,4.2
Kiabi,Bébé,Jegging Stretch Façon Denim,100,En stock,4.2
Kiabi,Bébé,Pantalon En Twill Paperbag Taille 3/4,170,En stock,4.2
Kiabi,Bébé,T-Shirt Manches Longues Et Poche Poitrine,45,En stock,4.2
Kiabi,Bébé,Ensemble T-Shirt + Legging Côtelé - 2 Pièces,140,En stock,4.2
Kiabi,Bébé,Lot De 2 T-Shirts Unis Côtelés À Manches Longues,120,En stock,4.2
Kiabi,Bébé,Jean Slim Stretch À Taille Ajustable,115,En stock,4.2
Kiabi,Bébé,T-Shirt Avec Collerette,75,En stock,4.2
Kiabi,Bébé,Jean Slim Stretch À Taille Ajustable,125,En stock,4.2
Kiabi,Bébé,Pantalon Paperbag En Tencel,140,En stock,4.2
Kiabi,Bébé,Gilet Matelassé Uni,205,En stock,4.2
Kiabi,Bébé,Robe De Cérémonie En Tulle Brodé,250,En stock,4.2
Kiabi,Bébé,Robe Trapèze En Jacquard Brodé,220,En stock,4.2
Kiabi,Bébé,Robe En Gaze De Coton Avec Fils Brillants,220,En stock,4.2
Kiabi,Bébé,Robe Évasée En Denim Avec Col Claudine,175,En stock,4.2
Kiabi,Bébé,Robe Bi-Matière Avec Tulle Pailleté,145,En stock,4.2
Kiabi,Bébé,Robe Sweat Avec Base Jupe En Tulle,175,En stock,4.2
Kiabi,Bébé,Pantalon Paperbag En Dobby,140,En stock,4.2
Kiabi,Bébé,Pantalon Chino,115,En stock,4.2
Kiabi,Bébé,Chemise À Capuche En Lin Mélangé,185,En stock,4.2
Kiabi,Bébé,Chemise Rayée En Lin Mélangé,140,En stock,4.2
Kiabi,Bébé,Chemise Oxford Avec Col Mao,100,En stock,4.2
Kiabi,Bébé,Ensemble Chemise + Gilet De Costume + Pantalon Chino + Noeud Papillon - 4 Pièces,310,En stock,4.2
Kiabi,Bébé,Ensemble Chemise + Pantalon À Bretelles - 2 Pièces,255,En stock,4.2
Kiabi,Bébé,Gilet Fin Zippé,145,En stock,4.2
Kiabi,Bébé,Pull Col Rond Tricot 'Disney' 'Winnie',220,En stock,4.2
Kiabi,Bébé,Chino Droit En Coton Stretch,125,En stock,4.2
Kiabi,Bébé,Pantalon Paperbag En Velours Côtelé,185,En stock,4.2
Kiabi,Bébé,Chaussures À Scratchs,445,En stock,4.2
Kiabi,Bébé,Ensemble Sweat + Pantalon En Matière Nid D'Abeilles - 2 Pièces,170,En stock,4.2
Kiabi,Bébé,T-Shirt Col Tunisien En Maille Gaufrée,75,En stock,4.2
Kiabi,Bébé,Salopette Longue En Molleton Avec Bretelles Ajustables,185,En stock,4.2
Kiabi,Bébé,T-Shirt À Manches Longues Avec Animation,35,En stock,4.2
Kiabi,Bébé,T-Shirt À Col Tunisien,60,En stock,4.2
Kiabi,Bébé,Jogging En Molleton,85,En stock,4.2
Kiabi,Bébé,Ensemble Body + Pantalon Avec Pieds + Bonnet,145,En stock,4.2
Kiabi,Bébé,Pull À Rayures En Coton,145,En stock,4.2
Kiabi,Bébé,Lot De 3 Paires De Chaussettes Naissance,70,En stock,4.2
Kiabi,Bébé,Lot De 5 Chaussettes À Volants,70,En stock,4.2
Kiabi,Bébé,Lot De 2 Paires De Chaussettes Naissances,55,En stock,4.2
Kiabi,Bébé,Lot De 3 Bodies Manches Longues,130,En stock,4.2
Kiabi,Bébé,Pull En Maille Point Mousse,130,En stock,4.2
Kiabi,Bébé,Lot De 5 Paires De Chaussettes En Maille Stretch,85,En stock,4.2
Kiabi,Bébé,Lot De 2 Paires De Chaussettes Naissance,55,En stock,4.2
Kiabi,Bébé,Doudoune À Capuche Matelassée,175,En stock,4.2
Kiabi,Bébé,Chemise En Jean Regular Fit,140,En stock,4.2
Kiabi,Bébé,Chaussons En Suédine Avec Oreilles En Relief,75,En stock,4.2
Kiabi,Bébé,T-Shirt Manches Longues Et Poche Poitrine,45,En stock,4.2
Kiabi,Bébé,Jegging Stretch Façon Denim,100,En stock,4.2
Kiabi,Bébé,Legging Long Uni En Maille Jersey,35,En stock,4.2
Kiabi,Bébé,Lot De 2 Bonnets Nouveau-Né,60,En stock,4.2
Kiabi,Bébé,Ensemble T-Shirt + Pantalon - 2 Pièces,125,En stock,4.2
Kiabi,Bébé,Robe Salopette En Jean,175,En stock,4.2
Kiabi,Bébé,Chemise Oxford Col Mao,100,En stock,4.2
Kiabi,Bébé,Short Paperbag En Jean,140,En stock,4.2
Kiabi,Bébé,Lot De 2 T-Shirts Unis Côtelés À Manches Longues,120,En stock,4.2
Kiabi,Bébé,Chemise En Coton Denim,140,En stock,4.2
Kiabi,Bébé,Chemise En Denim Avec Broderie Cœur,170,En stock,4.2
Kiabi,Bébé,Lot De 3 Bodies Avec Col Croisé,130,En stock,4.2
Kiabi,Bébé,Lot De 3 Bodies À Bretelles Unis,115,En stock,4.2
Kiabi,Bébé,T-Shirt Avec Collerette,75,En stock,4.2
Kiabi,Bébé,Sac Cadeau 'Marie' De 'Aristochat',45,En stock,4.2
Kiabi,Bébé,Jegging En Jean,140,En stock,4.2
Kiabi,Bébé,Salopette Short Avec Poche Poitrine,185,En stock,4.2
Kiabi,Bébé,Jean Paperbag + Ceinture À Motif,170,En stock,4.2
Kiabi,Bébé,Lot De 5 Paires De Chaussettes,90,En stock,4.2
Kiabi,Bébé,Chaussons 'Lapin',75,En stock,4.2
Kiabi,Bébé,Pochette Cadeau,35,En stock,4.2
Kiabi,Bébé,Lot De 3 Bodies Évolutif,145,En stock,4.2
Kiabi,Puériculture,5 Bavoirs À L'Imprimés Fantaisies À Fermeture Pressionnées,100,En stock,4.2
Kiabi,Puériculture,Lot De 3 Bodies En Jersey,85,En stock,4.2
Kiabi,Puériculture,Lot De 3 Bodies En Jersey,70,En stock,4.2
Kiabi,Puériculture,Dors-Bien Croisée 'Winnie',170,En stock,4.2
Kiabi,Puériculture,Lot De 2 Bodies 'Minnie',170,En stock,4.2
Kiabi,Puériculture,Ensemble Pyjama Long - 2 Pièces,185,En stock,4.2
Kiabi,Puériculture,Lot De 3 Bodies Évolutifs À Bretelles Unis,115,En stock,4.2
Kiabi,Puériculture,Lot De 3 Bodies Avec Col Croisé,130,En stock,4.2
Kiabi,Puériculture,Lot De 3 Langes En Coton,170,En stock,4.2
Kiabi,Puériculture,Lot De 3 Chaussettes Fantaisies,70,En stock,4.2
Kiabi,Puériculture,Couverture Imprimée Avec Intérieur Effet Polaire,170,En stock,4.2
Kiabi,Puériculture,Plaid Bébé Polaire,85,En stock,4.2
Kiabi,Puériculture,Ensemble Dors-Bien + Gilet Matelassé,225,En stock,4.2
Kiabi,Puériculture,Veste De Naissance Matelassée,150,En stock,4.2
Kiabi,Puériculture,Ensemble Pyjama Jersey En Coton,145,En stock,4.2
Kiabi,Puériculture,Lot De 3 Bodies À Manches Longues Avec Ouverture Pressionnée,145,En stock,4.2
Kiabi,Puériculture,Pyjama 2 Pièces Matelassé,170,En stock,4.2
Kiabi,Puériculture,Couverture Tricot,245,En stock,4.2
Kiabi,Puériculture,Lot De 5 Chaussettes À Volants,70,En stock,4.2
Kiabi,Puériculture,Pyjama En Velours Col Claudine,150,En stock,4.2
Kiabi,Puériculture,Valisette De Naissance,115,En stock,4.2
Kiabi,Puériculture,Bavoir Tablier Imperméable,145,En stock,4.2
Kiabi,Puériculture,Couverture En Gaze De Coton Et Polaire,215,En stock,4.2
Kiabi,Puériculture,Lot De 7 Paires De Chaussettes,70,En stock,4.2
Kiabi,Puériculture,Lot De 3 Paires De Chaussettes En Maille Stretch,85,En stock,4.2
Kiabi,Puériculture,Lot De 3 Chaussettes Imprimées,85,En stock,4.2
Kiabi,Puériculture,Cape De Bain En Éponge Avec Oreilles D'Animaux,170,En stock,4.2
Kiabi,Puériculture,Lot De 2 Bodies En Maille Côtelée,145,En stock,4.2
Kiabi,Puériculture,Lot De 2 Bodies En Maille Pointelle,145,En stock,4.2
Kiabi,Puériculture,Lot De 2 Paires De Chaussettes Naissance,55,En stock,4.2
Kiabi,Puériculture,Cape De Bain En Éponge Imprimée - 75 X 75 Cm,170,En stock,4.2
Kiabi,Puériculture,Dors-Bien Évolutif Rayé,135,En stock,4.2
Kiabi,Puériculture,Lot De 3 Paires De Chaussettes Naissance,70,En stock,4.2
Kiabi,Puériculture,Lot De 3 Paires De Chaussettes De Naissance,55,En stock,4.2
Kiabi,Puériculture,Ensemble Body + Pantalon Avec Pieds + Bonnet,145,En stock,4.2
Kiabi,Puériculture,Pyjama En Velours Avec Manches Ajustables,135,En stock,4.2
Kiabi,Puériculture,Cape De Bain En Coton 62 X 104 Cm,145,En stock,4.2
Kiabi,Puériculture,Lot De 3 Langes,170,En stock,4.2
Kiabi,Chaussures,Mocassins En Suédine,395,En stock,4.2
Kiabi,Chaussures,Baskets En Toile Unie,190,En stock,4.2
Kiabi,Chaussures,Sandales En Bride Croisée,240,En stock,4.2
Kiabi,Chaussures,Mules En Suédine Avec Brides Ajustables À L'Arrière,315,En stock,4.2
Kiabi,Chaussures,Mocassins Type Suédine Avec Bijou Décoratif Sur Le Dessus,240,En stock,4.2
Kiabi,Chaussures,Ballerines Unies En Suédine,190,En stock,4.2
Kiabi,Chaussures,Basket Slip-On En Mesh Uni,240,En stock,4.2
Kiabi,Chaussures,Baskets Basses Slip-On En Mesh Uni,240,En stock,4.2
Kiabi,Chaussures,Baskets Basses En Suédine Bicolore,240,En stock,4.2
Kiabi,Chaussures,Baskets Basses À Scratch Suédine Bicolore,240,En stock,4.2
Kiabi,Chaussures,Baskets Basses À Scratch Suédine Bicolore,240,En stock,4.2
Kiabi,Chaussures,Sabot En Suédine,240,En stock,4.2
Kiabi,Chaussures,Chaussons Mules En Velours,110,En stock,4.2
Kiabi,Chaussures,Chaussures De Ville,395,En stock,4.2
Kiabi,Chaussures,Chaussures À Lacets,445,En stock,4.2
Kiabi,Chaussures,Baskets Basses,240,En stock,4.2
Kiabi,Chaussures,Chaussures De Ville,395,En stock,4.2
Kiabi,Chaussures,Chaussures À Scratchs,445,En stock,4.2
Kiabi,Chaussures,Chaussons Mules,110,En stock,4.2
Kiabi,Chaussures,Chaussons Mules En Velours,110,En stock,4.2
Kiabi,Chaussures,Chaussons En Suédine Avec Oreilles En Relief,75,En stock,4.2
Kiabi,Chaussures,Mocassins Bateaux Unis,315,En stock,4.2
Kiabi,Chaussures,Mocassins Bateaux Unis,315,En stock,4.2
Kiabi,Chaussures,Chaussons Mules Unis,95,En stock,4.2
Kiabi,Chaussures,Chaussons 'Lapin',75,En stock,4.2
